日　　期,市　　場,產　　品,上價,中價,下價,平均價(元/公斤),交易量(公斤)
2014/1/7,台北一,芒果 金煌,80,80,80,80,24
2014/1/11,台北一,芒果 金煌,70,65,65,66,30
2014/1/14,台北一,芒果 金煌,95,95,95,95,24
2014/1/15,台北一,芒果 金煌,75,69.3,50,66.6,116
2014/1/16,台北一,芒果 金煌,40,40,40,40,12
2014/1/17,台北一,芒果 金煌,60,60,60,60,24
2014/1/22,台北一,芒果 金煌,110,107.5,100,106.5,17
2014/1/23,台北一,芒果 金煌,100,91.7,75,90,42
2014/1/25,台北一,芒果 金煌,95,62.6,30,62.6,35
2014/1/26,台北一,芒果 金煌,120,93.1,65,92.9,84
2014/1/27,台北一,芒果 金煌,120,103.7,90,104.2,19
2014/1/29,台北一,芒果 金煌,142.3,125.8,90.3,122,106
2014/1/30,台北一,芒果 金煌,163.5,126.9,88.2,126.4,87
2014/2/6,台北一,芒果 金煌,120,117.1,110,116.3,24
2014/2/7,台北一,芒果 金煌,138,96.9,64.4,98.6,113
2014/2/8,台北一,芒果 金煌,90,78.6,57.5,76.7,36
2014/2/12,台北一,芒果 金煌,90,90,90,90,12
2014/2/13,台北一,芒果 金煌,127.7,94.6,46.7,91.6,225
2014/2/14,台北一,芒果 金煌,141.3,81.7,68.4,90.9,96
2014/2/19,台北一,芒果 金煌,110,103.3,100,104,30
2014/2/20,台北一,芒果 金煌,130,130,130,130,12
2014/2/21,台北一,芒果 金煌,130,112.9,90,111.7,23
2014/2/22,台北一,芒果 金煌,173.6,150.2,107.9,146.4,84
2014/2/23,台北一,芒果 金煌,170,145.8,90,139.5,19
2014/2/26,台北一,芒果 金煌,176.7,157.4,140,157.8,54
2014/2/27,台北一,芒果 金煌,151.3,121.5,90,121.2,119
2014/2/28,台北一,芒果 金煌,145.6,104.4,72.5,106.3,378
2014/3/1,台北一,芒果 金煌,162.6,72.6,53.5,86.8,253
2014/3/2,台北一,芒果 金煌,125.8,53.8,30,63.4,95
2014/3/5,台北一,芒果 金煌,80,70.5,45,67.3,11
2014/3/6,台北一,芒果 金煌,75,68.2,40.6,64.1,96
2014/3/7,台北一,芒果 金煌,155,112.5,55,109.5,120
2014/3/8,台北一,芒果 金煌,143,82.2,61.3,90.2,207
2014/3/9,台北一,芒果 金煌,135,62.1,28.8,70,120
2014/3/11,台北一,芒果 金煌,80,62.7,50,63.6,22
2014/3/12,台北一,芒果 金煌,75,56.1,40,56.7,18
2014/3/13,台北一,芒果 金煌,164.2,124.5,67.2,121,216
2014/3/14,台北一,芒果 金煌,162.1,84.6,56.7,94.5,468
2014/3/15,台北一,芒果 金煌,148.2,68.9,50.3,81,348
2014/3/16,台北一,芒果 金煌,169.7,158.2,150,158.9,36
2014/3/19,台北一,芒果 金煌,104,66.4,50.9,70.8,73
2014/3/20,台北一,芒果 金煌,145.7,120.7,70.1,115.6,211
2014/3/21,台北一,芒果 金煌,140,132.9,123.8,132.5,48
2014/3/22,台北一,芒果 金煌,172.5,110,56.3,111.8,120
2014/3/23,台北一,芒果 金煌,165.1,108.7,50.2,108.3,138
2014/3/25,台北一,芒果 金煌,132.5,83.6,45.6,85.8,240
2014/3/26,台北一,芒果 金煌,140,133.3,110,130,102
2014/3/27,台北一,芒果 金煌,139.3,120,75.1,114.8,384
2014/3/28,台北一,芒果 金煌,122.4,114.3,77.1,108.5,570
2014/3/29,台北一,芒果 金煌,111.4,96.1,64.7,92.9,777
2014/3/30,台北一,芒果 金煌,88.3,73.1,52.6,72.1,885
2014/4/1,台北一,芒果 金煌,94.7,77.6,53.2,76.1,637
2014/4/2,台北一,芒果 金煌,108,81,51.4,80.5,529
2014/4/3,台北一,芒果 金煌,116.6,90,67.4,90.8,607
2014/4/4,台北一,芒果 金煌,120.1,87.9,67.1,90.2,568
2014/4/8,台北一,芒果 金煌,113.3,69.5,46.7,73.7,828
2014/4/9,台北一,芒果 金煌,125.3,85,54.3,86.9,598
2014/4/10,台北一,芒果 金煌,117.3,89.5,61,89.3,795
2014/4/11,台北一,芒果 金煌,115.6,86.4,56.2,86.2,820
2014/4/12,台北一,芒果 金煌,97.4,76.4,51.3,75.6,"1,545"
2014/4/13,台北一,芒果 金煌,86.9,59.6,40.4,61.2,"1,932"
2014/4/15,台北一,芒果 金煌,79.3,62.8,45.5,62.6,"1,188"
2014/4/16,台北一,芒果 金煌,83.4,65,44.7,64.6,955
2014/4/17,台北一,芒果 金煌,79.7,66.5,38.5,63.5,"1,145"
2014/4/18,台北一,芒果 金煌,89.3,71.8,31.6,67.3,"1,096"
2014/4/19,台北一,芒果 金煌,89.9,65.6,36.4,64.6,"1,958"
2014/4/20,台北一,芒果 金煌,80.7,63.2,38.9,61.9,"1,989"
2014/4/22,台北一,芒果 金煌,79.3,61.3,37.6,60.1,"2,325"
2014/4/23,台北一,芒果 金煌,74.1,58.6,35.8,57.2,981
2014/4/24,台北一,芒果 金煌,90,60.3,33.4,60.8,503
2014/4/25,台北一,芒果 金煌,89.7,60.1,37.2,61.5,"1,349"
2014/4/26,台北一,芒果 金煌,76.6,57.4,35.7,56.9,"2,273"
2014/4/27,台北一,芒果 金煌,81.7,58.9,32.8,58.2,"2,167"
2014/4/29,台北一,芒果 金煌,93.2,54.1,32.5,57.6,"2,387"
2014/4/30,台北一,芒果 金煌,104,71.1,47.1,72.9,871
2014/5/1,台北一,芒果 金煌,98.9,61.2,30,62.5,"1,330"
2014/5/2,台北一,芒果 金煌,84.3,63.3,45.1,63.9,"1,786"
2014/5/3,台北一,芒果 金煌,78.2,56.9,36.8,57.1,"2,935"
2014/5/4,台北一,芒果 金煌,77.8,48.6,27.6,50.2,"2,083"
2014/5/6,台北一,芒果 金煌,79.8,49.5,26.8,51,"2,457"
2014/5/7,台北一,芒果 金煌,72.3,42.3,27.7,45.4,"3,221"
2014/5/8,台北一,芒果 金煌,65.7,41.9,23.4,43,"1,776"
2014/5/9,台北一,芒果 金煌,80,40.3,20.1,44.2,"2,768"
2014/5/10,台北一,芒果 金煌,102.1,54.2,31.2,59.2,"2,836"
2014/5/11,台北一,芒果 金煌,91.7,56.3,31.9,58.5,"4,069"
2014/5/13,台北一,芒果 金煌,83.5,54,27.2,54.5,"3,574"
2014/5/14,台北一,芒果 金煌,81.1,48.8,28.4,51.2,"2,438"
2014/5/15,台北一,芒果 金煌,84.1,53.5,29,54.8,"1,531"
2014/5/16,台北一,芒果 金煌,91.1,48.6,24.7,52.3,"2,350"
2014/5/17,台北一,芒果 金煌,83.8,43.6,27.2,48.4,"3,310"
2014/5/18,台北一,芒果 金煌,63.1,35.3,19.4,37.7,"4,029"
2014/5/20,台北一,芒果 金煌,48,30.1,17.3,31.1,"4,428"
2014/5/21,台北一,芒果 金煌,47.2,26.8,12.5,28,"3,109"
2014/5/22,台北一,芒果 金煌,46.6,29.3,18.2,30.5,"4,711"
2014/5/23,台北一,芒果 金煌,56.3,33.2,18.6,34.9,"2,989"
2014/5/24,台北一,芒果 金煌,46.8,31.1,17.3,31.5,"4,174"
2014/5/25,台北一,芒果 金煌,48,32.2,20.3,33,"3,301"
2014/5/27,台北一,芒果 金煌,54.6,31.7,21.5,34.3,"5,055"
2014/5/28,台北一,芒果 金煌,52.3,34.1,17.1,34.3,"7,085"
2014/5/29,台北一,芒果 金煌,49.6,32.1,20,33.2,"4,540"
2014/5/30,台北一,芒果 金煌,53.2,31.2,21.5,33.6,"2,500"
2014/5/31,台北一,芒果 金煌,48,32.1,19.3,32.7,"5,340"
2014/6/1,台北一,芒果 金煌,62.7,33,16.7,35.7,"4,442"
2014/6/2,台北一,芒果 金煌,54.5,32.6,15.5,33.6,"1,963"
2014/6/5,台北一,芒果 金煌,54.4,36.1,19.3,36.4,"4,129"
2014/6/6,台北一,芒果 金煌,55.2,33.5,17.7,34.6,"4,263"
2014/6/7,台北一,芒果 金煌,57,34.6,21.5,36.5,"3,806"
2014/6/8,台北一,芒果 金煌,46.5,31.4,18.7,31.9,"4,566"
2014/6/10,台北一,芒果 金煌,49.5,31.7,19,32.7,"7,460"
2014/6/11,台北一,芒果 金煌,52.3,30.7,18.4,32.5,"9,772"
2014/6/12,台北一,芒果 金煌,47.6,30.6,21.2,32.1,"7,683"
2014/6/13,台北一,芒果 金煌,55.2,32.8,17.7,34.3,"5,037"
2014/6/14,台北一,芒果 金煌,51.5,30.6,18,32.3,"6,174"
2014/6/15,台北一,芒果 金煌,42,26.8,16.8,27.9,"7,236"
2014/6/17,台北一,芒果 金煌,39.8,28.4,16.8,28.4,"11,401"
2014/6/18,台北一,芒果 金煌,40.5,24.3,13.4,25.3,"6,124"
2014/6/19,台北一,芒果 金煌,39.8,26.7,15.8,27.2,"5,889"
2014/6/20,台北一,芒果 金煌,35,27.6,15.6,26.7,"7,547"
2014/6/21,台北一,芒果 金煌,34.3,24.4,13.8,24.3,"8,137"
2014/6/22,台北一,芒果 金煌,33.7,24,13.8,23.9,"8,483"
2014/6/24,台北一,芒果 金煌,34,24.7,15.1,24.6,"9,532"
2014/6/25,台北一,芒果 金煌,33.9,26.2,18.5,26.2,"11,188"
2014/6/26,台北一,芒果 金煌,40.1,28.2,16.4,28.2,"13,955"
2014/6/27,台北一,芒果 金煌,43.1,29,18,29.6,"11,497"
2014/6/28,台北一,芒果 金煌,40.4,30.9,19.7,30.6,"11,338"
2014/6/29,台北一,芒果 金煌,38.4,29.2,16.8,28.6,"9,848"
2014/7/1,台北一,芒果 金煌,40.2,28.9,15.7,28.5,"10,823"
2014/7/2,台北一,芒果 金煌,38.4,29,17.4,28.5,"7,412"
2014/7/3,台北一,芒果 金煌,35.1,26.5,15.1,26,"10,827"
2014/7/4,台北一,芒果 金煌,35.6,24,13.5,24.2,"12,077"
2014/7/5,台北一,芒果 金煌,34.4,26.1,16.8,25.9,"13,815"
2014/7/6,台北一,芒果 金煌,35.6,25.9,15.7,25.8,"14,366"
2014/7/8,台北一,芒果 金煌,33.8,26.3,17.8,26.1,"16,712"
2014/7/9,台北一,芒果 金煌,34.4,25.9,19.8,26.4,"12,792"
2014/7/10,台北一,芒果 金煌,35.9,25.9,15.7,25.9,"18,414"
2014/7/11,台北一,芒果 金煌,36.5,27,17.3,26.9,"16,225"
2014/7/12,台北一,芒果 金煌,35.5,27,16.4,26.6,"13,028"
2014/7/13,台北一,芒果 金煌,34.8,26.1,16.4,25.9,"12,225"
2014/7/15,台北一,芒果 金煌,34.1,26.5,17,26.1,"12,839"
2014/7/16,台北一,芒果 金煌,38.4,29,21.4,29.4,"10,642"
2014/7/17,台北一,芒果 金煌,37.2,26.6,15.6,26.5,"11,479"
2014/7/18,台北一,芒果 金煌,36.1,27.1,18,27.1,"11,112"
2014/7/19,台北一,芒果 金煌,33.5,27.2,21.3,27.3,"10,822"
2014/7/20,台北一,芒果 金煌,38.2,29.6,20.6,29.5,"11,125"
2014/7/22,台北一,芒果 金煌,36.8,27.6,18.8,27.7,"15,647"
2014/7/23,台北一,芒果 金煌,39.5,28.5,21.2,29.3,"13,148"
2014/7/24,台北一,芒果 金煌,41.2,30.3,22.7,31,"10,254"
2014/7/25,台北一,芒果 金煌,41.5,31.6,22.9,31.8,"11,044"
2014/7/26,台北一,芒果 金煌,43.7,31.1,23.3,32.1,"9,778"
2014/7/27,台北一,芒果 金煌,45.3,31.5,22.7,32.5,"13,281"
2014/7/29,台北一,芒果 金煌,42.1,29.8,19.8,30.2,"11,392"
2014/7/30,台北一,芒果 金煌,42.5,29.8,16.8,29.8,"9,269"
2014/7/31,台北一,芒果 金煌,41.5,27.2,15.7,27.7,"8,349"
2014/8/1,台北一,芒果 金煌,42,27.6,18.4,28.6,"6,775"
2014/8/2,台北一,芒果 金煌,40.2,30.8,20.4,30.6,"8,871"
2014/8/3,台北一,芒果 金煌,42.4,29.6,20.6,30.4,"9,495"
2014/8/5,台北一,芒果 金煌,44.9,31.6,19.3,31.8,"6,372"
2014/8/6,台北一,芒果 金煌,46.7,33.2,24.7,34.2,"4,761"
2014/8/7,台北一,芒果 金煌,50.5,35.3,21.8,35.7,"6,591"
2014/8/8,台北一,芒果 金煌,48,33.5,21.1,33.9,"7,592"
2014/8/9,台北一,芒果 金煌,58.3,39.7,22.1,39.9,"7,503"
2014/8/10,台北一,芒果 金煌,61.2,34.6,22.3,37.4,"3,979"
2014/8/13,台北一,芒果 金煌,42.8,27.8,17.7,28.8,"2,869"
2014/8/14,台北一,芒果 金煌,40.9,27.1,19.7,28.4,890
2014/8/15,台北一,芒果 金煌,51.8,31.2,20,33.1,"2,400"
2014/8/16,台北一,芒果 金煌,51,30.7,22,33,"2,366"
2014/8/17,台北一,芒果 金煌,57.2,37.1,18.2,37.4,"2,007"
2014/8/19,台北一,芒果 金煌,50.2,34,20.1,34.5,"2,602"
2014/8/20,台北一,芒果 金煌,55.6,30.7,19.8,33.5,"1,644"
2014/8/21,台北一,芒果 金煌,55.7,34.1,20.4,35.7,"1,488"
2014/8/22,台北一,芒果 金煌,62.2,41.3,33,43.8,"1,092"
2014/8/23,台北一,芒果 金煌,54.3,32.8,16.6,33.9,"2,112"
2014/8/24,台北一,芒果 金煌,60.8,36.4,20,38,516
2014/8/26,台北一,芒果 金煌,35,33.2,21.5,31.2,756
2014/8/27,台北一,芒果 金煌,25.6,20.2,18.3,20.9,318
2014/8/28,台北一,芒果 金煌,31.7,29.7,23,28.8,495
2014/8/29,台北一,芒果 金煌,32.4,24.8,20.7,25.5,648
2014/8/30,台北一,芒果 金煌,56.9,30,30,35.4,208
2014/8/31,台北一,芒果 金煌,35,23.4,22,25.4,143
2014/9/2,台北一,芒果 金煌,37,19.2,12,21.3,295
2014/9/4,台北一,芒果 金煌,25.7,22,22,22.7,81
2014/9/5,台北一,芒果 金煌,25,16.2,15,17.7,33
2014/9/13,台北一,芒果 金煌,25,25,25,25,60
2014/9/16,台北一,芒果 金煌,35,35,35,35,6
2015/3/3,台北一,芒果 金煌,110,106.4,95.8,105,72
2015/3/4,台北一,芒果 金煌,94.9,87,76.3,86.5,246
2015/3/5,台北一,芒果 金煌,95.1,72,52.5,72.7,59
2015/3/6,台北一,芒果 金煌,95,90,85,90,36
2015/3/10,台北一,芒果 金煌,83.1,72.5,65,73.1,48
2015/3/12,台北一,芒果 金煌,150,92.8,60.6,97.8,192
2015/3/13,台北一,芒果 金煌,124,56.2,50.5,68.6,229
2015/3/14,台北一,芒果 金煌,90.3,61.6,50,65,83
2015/3/15,台北一,芒果 金煌,78.3,64.9,50,64.6,72
2015/3/17,台北一,芒果 金煌,165,77.3,39.4,87.3,180
2015/3/18,台北一,芒果 金煌,177.5,127.8,83.3,128.8,180
2015/3/19,台北一,芒果 金煌,103.2,78.5,60.9,79.9,527
2015/3/20,台北一,芒果 金煌,100.2,79.4,67.1,81.1,232
2015/3/21,台北一,芒果 金煌,65,60.4,42.3,57.7,78
2015/3/22,台北一,芒果 金煌,85,85,85,85,5
2015/3/24,台北一,芒果 金煌,97.4,81.5,60.5,80.5,189
2015/3/25,台北一,芒果 金煌,80,72.5,54.2,70.3,217
2015/3/26,台北一,芒果 金煌,73.3,67.8,57.4,66.8,228
2015/3/27,台北一,芒果 金煌,138.2,77.8,50.8,84.5,273
2015/3/28,台北一,芒果 金煌,126.3,82.2,55.2,85.6,336
2015/3/29,台北一,芒果 金煌,90,64.2,35.9,63.7,146
2015/3/31,台北一,芒果 金煌,103.9,74.9,43.1,74.4,756
2015/4/1,台北一,芒果 金煌,104.4,91.8,55.1,87,344
2015/4/2,台北一,芒果 金煌,81.8,67.8,49.3,66.9,"1,071"
2015/4/3,台北一,芒果 金煌,80.7,57.5,39,58.4,"1,108"
2015/4/4,台北一,芒果 金煌,83.1,66.1,35.3,63.3,636
2015/4/7,台北一,芒果 金煌,81.3,66.7,48.9,66.1,168
2015/4/8,台北一,芒果 金煌,88.4,69.5,40,67.4,510
2015/4/9,台北一,芒果 金煌,88.6,62.3,47.5,64.6,796
2015/4/10,台北一,芒果 金煌,78,59.5,44.3,60.1,"1,053"
2015/4/11,台北一,芒果 金煌,98.5,69.9,36.5,69,745
2015/4/12,台北一,芒果 金煌,83.6,65.9,40.7,64.4,716
2015/4/14,台北一,芒果 金煌,78.6,62.2,40.1,61.1,"1,117"
2015/4/15,台北一,芒果 金煌,81,61.7,36.2,60.5,840
2015/4/16,台北一,芒果 金煌,67.7,50.8,43.7,52.7,756
2015/4/17,台北一,芒果 金煌,78.3,60,39.8,59.6,974
2015/4/18,台北一,芒果 金煌,73.6,52.5,37.9,53.8,"2,172"
2015/4/19,台北一,芒果 金煌,79,48.4,32.4,51.3,"1,229"
2015/4/21,台北一,芒果 金煌,79.6,56.6,38.5,57.6,"1,357"
2015/4/22,台北一,芒果 金煌,55.6,44.1,31.5,43.9,494
2015/4/23,台北一,芒果 金煌,72,43.9,29.9,46.7,811
2015/4/24,台北一,芒果 金煌,81,51.1,29.8,52.8,761
2015/4/25,台北一,芒果 金煌,100.7,65,32.7,65.7,"1,152"
2015/4/26,台北一,芒果 金煌,79.1,55.9,42.6,57.9,824
2015/4/28,台北一,芒果 金煌,80.4,55,33.6,55.8,"1,446"
2015/4/29,台北一,芒果 金煌,75.5,52.7,24.5,51.6,"1,402"
2015/4/30,台北一,芒果 金煌,86.3,62.9,31.5,61.3,"1,004"
2015/5/1,台北一,芒果 金煌,88.5,60.2,34,60.6,"1,862"
2015/5/2,台北一,芒果 金煌,70,51.3,32.4,51.3,"4,030"
2015/5/3,台北一,芒果 金煌,81.9,56.3,32.1,56.6,"1,471"
2015/5/5,台北一,芒果 金煌,90.6,63,30.7,62,990
2015/5/6,台北一,芒果 金煌,89.7,67.5,37.3,65.9,764
2015/5/7,台北一,芒果 金煌,77.2,51.7,30.3,52.5,"1,640"
2015/5/8,台北一,芒果 金煌,70.4,47.5,28.4,48.3,"2,107"
2015/5/9,台北一,芒果 金煌,73.7,43,25.6,45.6,"3,620"
2015/5/10,台北一,芒果 金煌,76.2,37.2,17.9,41.1,"1,913"
2015/5/12,台北一,芒果 金煌,75.7,41.1,23.6,44.5,"2,146"
2015/5/13,台北一,芒果 金煌,80.1,48.1,26,50.1,"2,293"
2015/5/14,台北一,芒果 金煌,72.3,48.7,23.4,48.4,"1,936"
2015/5/15,台北一,芒果 金煌,82.7,51.3,26,52.5,"2,794"
2015/5/16,台北一,芒果 金煌,70.5,49.7,27,49.3,"5,048"
2015/5/17,台北一,芒果 金煌,60.1,37.3,25.3,39.5,"5,888"
2015/5/19,台北一,芒果 金煌,62.3,36.8,19.9,38.5,"5,699"
2015/5/20,台北一,芒果 金煌,55.2,31.1,17.3,33.2,"4,928"
2015/5/21,台北一,芒果 金煌,41.9,23.3,15.6,25.5,"3,701"
2015/5/22,台北一,芒果 金煌,45.7,25.2,13.9,27,"2,383"
2015/5/23,台北一,芒果 金煌,47.8,28.4,16,29.8,"5,775"
2015/5/24,台北一,芒果 金煌,45.9,26.8,15.7,28.4,"4,833"
2015/5/26,台北一,芒果 金煌,49.1,28.8,20.8,31.3,"4,608"
2015/5/27,台北一,芒果 金煌,50.5,29.6,17.2,31.3,"3,466"
2015/5/28,台北一,芒果 金煌,60.2,34.4,17.1,36.1,"3,758"
2015/5/29,台北一,芒果 金煌,42.9,25.8,10.9,26.2,"3,905"
2015/5/30,台北一,芒果 金煌,51.4,29.5,17.7,31.5,"5,960"
2015/5/31,台北一,芒果 金煌,41.7,24.6,12.1,25.5,"10,467"
2015/6/2,台北一,芒果 金煌,46.2,23.9,12.4,26.1,"8,629"
2015/6/3,台北一,芒果 金煌,40.4,22.5,12,24,"5,523"
2015/6/4,台北一,芒果 金煌,43.3,21.9,10.8,24,"5,708"
2015/6/5,台北一,芒果 金煌,38.3,20.8,11.6,22.4,"5,769"
2015/6/6,台北一,芒果 金煌,37.2,20.4,11.3,22,"8,047"
2015/6/7,台北一,芒果 金煌,36.4,19.4,9.3,20.8,"9,833"
2015/6/9,台北一,芒果 金煌,38,21.2,12.7,22.8,"8,228"
2015/6/10,台北一,芒果 金煌,33.6,22.3,13.8,22.9,"4,922"
2015/6/11,台北一,芒果 金煌,28.3,19.9,12.8,20.1,"4,340"
2015/6/12,台北一,芒果 金煌,32,22.2,14.1,22.6,"7,794"
2015/6/13,台北一,芒果 金煌,35.4,20.6,12.6,22,"9,912"
2015/6/14,台北一,芒果 金煌,36.8,22.7,12,23.4,"8,791"
2015/6/16,台北一,芒果 金煌,38.9,23.1,13.7,24.4,"9,210"
2015/6/17,台北一,芒果 金煌,34.3,21.2,12.1,22,"8,048"
2015/6/18,台北一,芒果 金煌,29.7,18.4,10.4,19,"12,663"
2015/6/19,台北一,芒果 金煌,34.2,20.8,13.2,22,"11,495"
2015/6/20,台北一,芒果 金煌,33,20.9,10.9,21.3,"8,891"
2015/6/23,台北一,芒果 金煌,30.1,20.5,9.2,20.1,"9,160"
2015/6/24,台北一,芒果 金煌,32,19.8,11,20.5,"6,387"
2015/6/25,台北一,芒果 金煌,26.8,20.7,11.6,20.1,"8,684"
2015/6/26,台北一,芒果 金煌,28.6,20.6,11.9,20.5,"9,302"
2015/6/27,台北一,芒果 金煌,30.7,21.6,13.2,21.8,"9,679"
2015/6/28,台北一,芒果 金煌,29.5,20.8,11.2,20.6,"13,062"
2015/6/30,台北一,芒果 金煌,28.7,20.9,12,20.7,"13,237"
2015/7/1,台北一,芒果 金煌,24.7,18.6,12.1,18.6,"8,422"
2015/7/2,台北一,芒果 金煌,23.2,16.7,9.8,16.6,"10,017"
2015/7/3,台北一,芒果 金煌,23.3,17.6,11.5,17.5,"8,926"
2015/7/4,台北一,芒果 金煌,23.1,19,11.8,18.4,"10,898"
2015/7/5,台北一,芒果 金煌,24.7,18.4,12.8,18.5,"10,367"
2015/7/7,台北一,芒果 金煌,27.5,18.6,11.5,19,"9,695"
2015/7/8,台北一,芒果 金煌,27.2,20,12.8,20,"9,823"
2015/7/9,台北一,芒果 金煌,30.7,21.4,14,21.8,"7,163"
2015/7/10,台北一,芒果 金煌,29.9,20.1,12.6,20.6,"8,310"
2015/7/11,台北一,芒果 金煌,30.5,19.2,11,19.8,"9,057"
2015/7/12,台北一,芒果 金煌,26.3,19.5,13.5,19.7,"10,459"
2015/7/14,台北一,芒果 金煌,30.1,18.6,10.1,19.2,"8,777"
2015/7/15,台北一,芒果 金煌,30.8,20.3,11.2,20.6,"8,593"
2015/7/16,台北一,芒果 金煌,30.6,20.9,11.2,20.9,"9,289"
2015/7/17,台北一,芒果 金煌,30.1,20,13,20.6,"7,617"
2015/7/18,台北一,芒果 金煌,30,21.2,14,21.5,"7,182"
2015/7/19,台北一,芒果 金煌,31.2,22.2,14.7,22.5,"9,180"
2015/7/21,台北一,芒果 金煌,29.5,22,14.6,22,"12,217"
2015/7/22,台北一,芒果 金煌,29.7,22.2,15.3,22.3,"10,203"
2015/7/23,台北一,芒果 金煌,27.9,22.1,14.6,21.7,"10,024"
2015/7/24,台北一,芒果 金煌,28.1,21,14.1,21.1,"11,062"
2015/7/25,台北一,芒果 金煌,30.4,20.7,13.6,21.2,"11,591"
2015/7/26,台北一,芒果 金煌,29.7,21.5,14.2,21.7,"12,120"
2015/7/28,台北一,芒果 金煌,33.2,20.9,13.9,22,"14,093"
2015/7/29,台北一,芒果 金煌,35.8,23.3,13.7,23.9,"12,085"
2015/7/30,台北一,芒果 金煌,34.3,24.1,14.7,24.2,"13,662"
2015/7/31,台北一,芒果 金煌,33.5,23.4,15.8,23.9,"13,082"
2015/8/1,台北一,芒果 金煌,33.6,22.3,8,21.7,"14,327"
2015/8/2,台北一,芒果 金煌,31.5,24.5,17.1,24.4,"12,557"
2015/8/4,台北一,芒果 金煌,31.9,22.6,14.3,22.8,"14,252"
2015/8/5,台北一,芒果 金煌,34.9,24.4,14.6,24.5,"9,739"
2015/8/6,台北一,芒果 金煌,34.5,24.8,18.3,25.4,"10,658"
2015/8/7,台北一,芒果 金煌,36.3,24.6,17.6,25.6,"9,908"
2015/8/8,台北一,芒果 金煌,32.5,23.4,14.2,23.4,"8,351"
2015/8/9,台北一,芒果 金煌,40.5,28.2,21.9,29.4,"3,405"
2015/8/11,台北一,芒果 金煌,36.3,25.5,15.2,25.6,"7,594"
2015/8/12,台北一,芒果 金煌,38.3,25.7,17.2,26.5,"5,050"
2015/8/13,台北一,芒果 金煌,45.6,26.6,14.8,28.1,"6,679"
2015/8/14,台北一,芒果 金煌,43,26,15.4,27.3,"9,580"
2015/8/15,台北一,芒果 金煌,34.4,25.2,19.4,25.9,"4,976"
2015/8/16,台北一,芒果 金煌,49.2,28.9,18.8,31,"5,057"
2015/8/18,台北一,芒果 金煌,49.5,29.5,19.5,31.5,"4,237"
2015/8/19,台北一,芒果 金煌,46.8,30.4,19.7,31.6,"3,893"
2015/8/20,台北一,芒果 金煌,54.2,28.4,11.8,30.3,"1,960"
2015/8/21,台北一,芒果 金煌,48.7,35.3,19.6,34.9,"1,111"
2015/8/22,台北一,芒果 金煌,51.7,34.8,22.7,35.8,"1,970"
2015/8/23,台北一,芒果 金煌,70,48.4,25.1,48,519
2015/8/25,台北一,芒果 金煌,83,41.5,26.9,46.9,936
2015/8/26,台北一,芒果 金煌,43,30.6,12.5,29.5,692
2015/8/27,台北一,芒果 金煌,45.4,35.7,22,34.9,"1,756"
2015/8/28,台北一,芒果 金煌,56,44.8,24.4,42.9,"1,105"
2015/9/1,台北一,芒果 金煌,50,49,30,45.4,78
2015/9/2,台北一,芒果 金煌,45,44.4,35,42.7,153
2015/9/3,台北一,芒果 金煌,50,44,38,44,72
2015/9/4,台北一,芒果 金煌,50,45.4,40.1,45.3,312
2015/9/5,台北一,芒果 金煌,50,33.9,27,35.7,534
2015/9/6,台北一,芒果 金煌,57.4,44.4,37,45.5,378
2015/9/8,台北一,芒果 金煌,44.2,29.7,25,31.6,192
2015/9/9,台北一,芒果 金煌,58,48,35,47.4,276
2015/9/13,台北一,芒果 金煌,42.9,32.3,30,34,114
2016/1/16,台北一,芒果 金煌,50,50,50,50,8
2016/2/3,台北一,芒果 金煌,40,40,40,40,6
2016/2/20,台北一,芒果 金煌,150,150,150,150,42
2016/2/21,台北一,芒果 金煌,170,165,160,165,10
2016/2/25,台北一,芒果 金煌,90,88.9,80.8,87.5,36
2016/2/26,台北一,芒果 金煌,90,85,80,85,48
2016/3/1,台北一,芒果 金煌,160,150.4,95,141.3,24
2016/3/2,台北一,芒果 金煌,120,120,120,120,5
2016/3/4,台北一,芒果 金煌,140,130,125,131,60
2016/3/5,台北一,芒果 金煌,122,118,90,113.2,50
2016/3/6,台北一,芒果 金煌,130,83.3,57.5,87.5,60
2016/3/8,台北一,芒果 金煌,105,60.7,45,66.4,84
2016/3/9,台北一,芒果 金煌,108.2,56.7,30,61.6,110
2016/3/10,台北一,芒果 金煌,78,78,78,78,18
2016/3/11,台北一,芒果 金煌,90,90,90,90,18
2016/3/12,台北一,芒果 金煌,60,60,60,60,16
2016/3/13,台北一,芒果 金煌,145.6,92.3,53.1,95.1,77
2016/3/15,台北一,芒果 金煌,150,122,90,121.2,41
2016/3/16,台北一,芒果 金煌,150,114,43.3,107.1,72
2016/3/17,台北一,芒果 金煌,150,150,130,146,30
2016/3/18,台北一,芒果 金煌,90,73.7,38.9,70,108
2016/3/19,台北一,芒果 金煌,150,139.2,91.7,131.8,60
2016/3/20,台北一,芒果 金煌,160,152.8,139.2,151.5,78
2016/3/22,台北一,芒果 金煌,147.7,59.2,33.7,71.8,226
2016/3/23,台北一,芒果 金煌,159.4,149.6,126.4,146.9,103
2016/3/24,台北一,芒果 金煌,164.6,153.8,121.8,149.6,132
2016/3/25,台北一,芒果 金煌,150,144.1,135,143.4,96
2016/3/26,台北一,芒果 金煌,91,61.1,42.7,63.4,82
2016/3/27,台北一,芒果 金煌,105,52.5,25,57.5,24
2016/3/29,台北一,芒果 金煌,150,143.3,110,138,60
2016/3/30,台北一,芒果 金煌,150,150,150,150,60
2016/3/31,台北一,芒果 金煌,150,144.8,105.8,138,173
2016/4/1,台北一,芒果 金煌,159.8,138.1,88.3,132.5,305
2016/4/2,台北一,芒果 金煌,144.5,103.4,52.2,101.4,337
2016/4/3,台北一,芒果 金煌,150,106.2,61.8,106.1,330
2016/4/6,台北一,芒果 金煌,130.2,57.9,50,70.8,290
2016/4/7,台北一,芒果 金煌,85.9,70.4,65,72.4,174
2016/4/8,台北一,芒果 金煌,55,36.5,30,38.9,84
2016/4/9,台北一,芒果 金煌,91.2,69.5,25,65,98
2016/4/10,台北一,芒果 金煌,193,76.5,50,94.5,69
2016/4/12,台北一,芒果 金煌,145,83,33.5,85.5,275
2016/4/13,台北一,芒果 金煌,109.8,90.5,39.6,84.2,252
2016/4/14,台北一,芒果 金煌,91.9,60.1,45,63.5,78
2016/4/15,台北一,芒果 金煌,109.6,83.2,45.5,80.9,66
2016/4/16,台北一,芒果 金煌,140,123.9,50.3,112.4,114
2016/4/17,台北一,芒果 金煌,109.5,68.1,35.5,69.9,236
2016/4/19,台北一,芒果 金煌,127.7,73.3,28,75.1,475
2016/4/20,台北一,芒果 金煌,104.3,85.7,53.3,82.9,451
2016/4/21,台北一,芒果 金煌,92.3,61.5,47.3,64.8,620
2016/4/22,台北一,芒果 金煌,67.1,58.9,47.9,58.3,145
2016/4/23,台北一,芒果 金煌,111.1,66.7,48.5,72,306
2016/4/24,台北一,芒果 金煌,82.9,54.6,40,57.3,472
2016/4/26,台北一,芒果 金煌,95.1,59.7,33.8,61.6,717
2016/4/27,台北一,芒果 金煌,126.3,81.7,53.9,85.1,397
2016/4/28,台北一,芒果 金煌,110.9,62.5,45.4,68.7,304
2016/4/29,台北一,芒果 金煌,106.5,85.6,53.4,83.4,437
2016/4/30,台北一,芒果 金煌,115.2,80,51.3,81.3,685
2016/5/1,台北一,芒果 金煌,102.7,73.6,45,73.7,600
2016/5/3,台北一,芒果 金煌,116.9,75.7,39.9,76.8,942
2016/5/4,台北一,芒果 金煌,102.4,66.2,32,66.6,727
2016/5/5,台北一,芒果 金煌,123.5,73.8,44.8,77.9,667
2016/5/6,台北一,芒果 金煌,124,82.2,32.6,80.6,"1,018"
2016/5/7,台北一,芒果 金煌,119.8,95.8,63.1,94.1,697
2016/5/8,台北一,芒果 金煌,112.9,86.5,45.5,83.6,804
2016/5/10,台北一,芒果 金煌,119.5,78.4,46.2,80.2,672
2016/5/11,台北一,芒果 金煌,116.5,88.8,52.1,87,383
2016/5/12,台北一,芒果 金煌,103.7,75.6,55,77.1,965
2016/5/13,台北一,芒果 金煌,105.4,76.1,49.3,76.6,720
2016/5/14,台北一,芒果 金煌,88,59.6,49.1,63.2,"1,222"
2016/5/15,台北一,芒果 金煌,83.9,71.7,47.3,69.2,433
2016/5/17,台北一,芒果 金煌,85.7,64.2,42.9,64.2,"1,093"
2016/5/18,台北一,芒果 金煌,98.9,58.5,35.2,61.9,"1,098"
2016/5/19,台北一,芒果 金煌,101.8,57.5,41.9,63.2,"1,312"
2016/5/20,台北一,芒果 金煌,105.3,67.1,36.7,68.6,"1,929"
2016/5/21,台北一,芒果 金煌,113,61.2,35.5,66.4,"1,818"
2016/5/22,台北一,芒果 金煌,87.9,45.8,28.9,50.9,"2,225"
2016/5/24,台北一,芒果 金煌,89.2,67.2,35.5,65.3,"1,200"
2016/5/25,台北一,芒果 金煌,93.5,73,46.2,71.8,"1,409"
2016/5/26,台北一,芒果 金煌,88.9,64.1,40,64.2,"1,238"
2016/5/27,台北一,芒果 金煌,83.9,58.8,35.5,59.2,"1,136"
2016/5/28,台北一,芒果 金煌,73,47.1,33.9,49.6,"2,027"
2016/5/29,台北一,芒果 金煌,77.4,36.9,20.8,41.8,"1,278"
2016/5/31,台北一,芒果 金煌,69.2,41.9,30.7,45.1,"1,975"
2016/6/1,台北一,芒果 金煌,84.3,46.4,30.8,50.9,"2,079"
2016/6/2,台北一,芒果 金煌,87.7,51.2,37.7,55.8,"1,941"
2016/6/3,台北一,芒果 金煌,85.7,53.5,30.3,55.3,"2,805"
2016/6/4,台北一,芒果 金煌,86.8,45.3,27.2,50,"3,334"
2016/6/5,台北一,芒果 金煌,79.5,50.5,31.3,52.5,"2,851"
2016/6/7,台北一,芒果 金煌,86.1,41.9,29.2,48.2,"4,183"
2016/6/8,台北一,芒果 金煌,95.7,47.5,27.8,53.2,"2,822"
2016/6/9,台北一,芒果 金煌,106.8,53.8,29.6,59.5,"2,203"
2016/6/12,台北一,芒果 金煌,115.7,69.8,35.5,72.1,"3,839"
2016/6/14,台北一,芒果 金煌,127.2,92.5,50.1,91,"1,948"
2016/6/15,台北一,芒果 金煌,116.8,68.1,41.7,72.6,"2,014"
2016/6/16,台北一,芒果 金煌,93,59.1,35.8,61.2,"2,762"
2016/6/17,台北一,芒果 金煌,93,61.7,37.1,63.1,"3,634"
2016/6/18,台北一,芒果 金煌,83.6,51.6,31.7,54.1,"5,913"
2016/6/19,台北一,芒果 金煌,75.3,47,31.4,49.6,"4,288"
2016/6/21,台北一,芒果 金煌,67.9,45.6,31.3,47.2,"3,251"
2016/6/22,台北一,芒果 金煌,74.6,50.7,28.9,51.1,"2,504"
2016/6/23,台北一,芒果 金煌,69,47.3,16.9,45.6,"3,296"
2016/6/24,台北一,芒果 金煌,80.6,47.1,25.8,49.5,"1,968"
2016/6/25,台北一,芒果 金煌,72.3,51.9,33,52.2,"3,300"
2016/6/26,台北一,芒果 金煌,54.2,38.7,26.1,39.3,"3,518"
2016/6/28,台北一,芒果 金煌,69.4,41.4,26.5,44,"3,726"
2016/6/29,台北一,芒果 金煌,69.5,49.8,26.6,49.1,"3,643"
2016/6/30,台北一,芒果 金煌,75.7,51.7,27,51.6,"3,695"
2016/7/1,台北一,芒果 金煌,81.3,56.5,35.9,57.3,"3,566"
2016/7/2,台北一,芒果 金煌,82.1,57.8,36.1,58.3,"5,537"
2016/7/3,台北一,芒果 金煌,78.9,58.8,38.7,58.8,"6,012"
2016/7/5,台北一,芒果 金煌,84.3,57.3,37.1,58.6,"5,049"
2016/7/6,台北一,芒果 金煌,84.2,60.5,40.6,61.3,"3,832"
2016/7/7,台北一,芒果 金煌,87.5,61.5,38.3,62.1,"4,214"
2016/7/8,台北一,芒果 金煌,77.4,57.6,38.6,57.8,"4,299"
2016/7/9,台北一,芒果 金煌,76.1,62.5,45.7,61.8,"3,734"
2016/7/10,台北一,芒果 金煌,70.8,53.2,37.1,53.5,"4,577"
2016/7/12,台北一,芒果 金煌,73.4,52.1,32.6,52.5,"4,167"
2016/7/13,台北一,芒果 金煌,67.5,48,35.7,49.4,"3,157"
2016/7/14,台北一,芒果 金煌,75.5,55,30.3,54.1,"1,721"
2016/7/15,台北一,芒果 金煌,85.7,68,34.4,64.8,"3,012"
2016/7/16,台北一,芒果 金煌,84.3,59.8,37.7,60.3,"4,170"
2016/7/17,台北一,芒果 金煌,86.5,60.1,31.7,59.7,"6,713"
2016/7/19,台北一,芒果 金煌,88.5,60.5,38.3,61.7,"4,908"
2016/7/20,台北一,芒果 金煌,86.3,66.3,35.9,64.3,"3,131"
2016/7/21,台北一,芒果 金煌,88,69.1,41.7,67.4,"3,627"
2016/7/22,台北一,芒果 金煌,87.1,70.8,48.6,69.6,"5,563"
2016/7/23,台北一,芒果 金煌,83.2,66.2,43.7,65.1,"5,620"
2016/7/24,台北一,芒果 金煌,91.3,69,48.9,69.4,"5,188"
2016/7/26,台北一,芒果 金煌,91,68.5,46.8,68.6,"4,636"
2016/7/27,台北一,芒果 金煌,93,76.3,50.5,74.5,"2,664"
2016/7/28,台北一,芒果 金煌,96.6,69,47.5,70.2,"4,619"
2016/7/29,台北一,芒果 金煌,94.6,74.5,43.6,72.3,"3,752"
2016/7/30,台北一,芒果 金煌,98.9,77,46.8,75.3,"5,895"
2016/7/31,台北一,芒果 金煌,97.7,79.7,54.1,78.2,"3,953"
2016/8/2,台北一,芒果 金煌,116.9,95.3,58.7,92.3,"3,414"
2016/8/3,台北一,芒果 金煌,104.7,83.3,54.7,81.8,"3,192"
2016/8/4,台北一,芒果 金煌,105,75,51.7,76.4,"1,668"
2016/8/5,台北一,芒果 金煌,104.8,87.5,57.3,84.9,"2,248"
2016/8/6,台北一,芒果 金煌,105.3,86.8,57.8,84.7,"3,836"
2016/8/7,台北一,芒果 金煌,103.9,79.1,58,79.8,"3,676"
2016/8/9,台北一,芒果 金煌,105.9,78.9,51.1,78.7,"3,052"
2016/8/10,台北一,芒果 金煌,109,86.7,56.1,85,"2,673"
2016/8/11,台北一,芒果 金煌,120.5,89.1,60,89.6,"1,284"
2016/8/12,台北一,芒果 金煌,127.8,96.8,57.6,95.2,"1,354"
2016/8/13,台北一,芒果 金煌,132.2,107.1,58.1,102.3,606
2016/8/14,台北一,芒果 金煌,141.2,84.1,58.7,90.5,"1,336"
2016/8/16,台北一,芒果 金煌,141.8,76.3,47.5,83.7,"2,040"
2016/8/17,台北一,芒果 金煌,131.3,95.6,63.8,96.4,"1,644"
2016/8/20,台北一,芒果 金煌,133.8,98.2,57.8,97.2,"1,482"
2016/8/21,台北一,芒果 金煌,135.5,114.7,65.5,109,948
2016/8/23,台北一,芒果 金煌,129.6,96.3,63.5,96.4,"1,775"
2016/8/24,台北一,芒果 金煌,134.3,78.6,57.5,85.6,"1,176"
2016/8/25,台北一,芒果 金煌,124.6,63.9,49,73,"1,440"
2016/8/26,台北一,芒果 金煌,127.8,115,84.9,111.6,306
2016/8/27,台北一,芒果 金煌,125.7,74.5,50,79.8,744
2016/8/28,台北一,芒果 金煌,134.7,64.5,48.8,75.4,582
2016/8/30,台北一,芒果 金煌,100,58.1,48.8,64.6,"1,296"
2016/9/21,台北一,芒果 金煌,50,50,50,50,15
2017/2/26,台北一,芒果 金煌,300,191.1,160,206.7,18
2017/3/10,台北一,芒果 金煌,305,301.5,280,297.9,33
2017/3/12,台北一,芒果 金煌,80,80,80,80,39
2017/3/14,台北一,芒果 金煌,90,90,90,90,12
2017/3/16,台北一,芒果 金煌,130,124.6,115,123.8,24
2017/3/18,台北一,芒果 金煌,110,107.8,100,106.7,18
2017/3/21,台北一,芒果 金煌,88.6,85,85,85.7,42
2017/3/23,台北一,芒果 金煌,180,180,180,180,6
2017/3/25,台北一,芒果 金煌,150,150,150,150,60
2017/3/26,台北一,芒果 金煌,170,165.6,145,162.4,38
2017/3/28,台北一,芒果 金煌,210,210,210,210,6
2017/3/30,台北一,芒果 金煌,160,160,160,160,6
2017/4/1,台北一,芒果 金煌,120.3,105,105,108.1,75
2017/4/2,台北一,芒果 金煌,120,120,120,120,8
2017/4/3,台北一,芒果 金煌,110,109.5,70,101.7,29
2017/4/6,台北一,芒果 金煌,100,74.7,65,77.8,46
2017/4/7,台北一,芒果 金煌,265,234.4,210,235.7,15
2017/4/8,台北一,芒果 金煌,200,190.7,180,190.4,24
2017/4/9,台北一,芒果 金煌,137.7,112.6,66.1,108.3,687
2017/4/11,台北一,芒果 金煌,199.3,115.9,64.2,122.2,122
2017/4/12,台北一,芒果 金煌,160,141.9,140,145.1,78
2017/4/13,台北一,芒果 金煌,150,141.8,113.7,137.8,101
2017/4/14,台北一,芒果 金煌,188.9,160.8,57.6,145.8,254
2017/4/15,台北一,芒果 金煌,220,192.4,155,190.5,22
2017/4/16,台北一,芒果 金煌,145,108.9,78.3,110,90
2017/4/18,台北一,芒果 金煌,160.7,107.3,57.2,108,297
2017/4/19,台北一,芒果 金煌,206.1,86.8,40,101.3,349
2017/4/20,台北一,芒果 金煌,134,111.1,48,103,"1,010"
2017/4/21,台北一,芒果 金煌,120.6,75.1,48.4,78.9,350
2017/4/22,台北一,芒果 金煌,127.3,99.8,59.9,97.3,546
2017/4/23,台北一,芒果 金煌,179.3,69.8,40,85.8,452
2017/4/25,台北一,芒果 金煌,161.3,153.8,66.8,137.9,465
2017/4/26,台北一,芒果 金煌,174.8,99,62.5,106.9,259
2017/4/27,台北一,芒果 金煌,145.3,93.8,61.8,97.7,385
2017/4/28,台北一,芒果 金煌,138.4,98.1,62.9,99.2,211
2017/4/29,台北一,芒果 金煌,165.3,84.7,50,93.9,364
2017/4/30,台北一,芒果 金煌,145.4,119.3,62.9,113.3,342
2017/5/2,台北一,芒果 金煌,162.8,129.2,61.1,122.3,384
2017/5/3,台北一,芒果 金煌,166.2,143.5,107.8,140.9,148
2017/5/4,台北一,芒果 金煌,180,127,76.6,127.5,273
2017/5/5,台北一,芒果 金煌,158.1,94.2,50,98.1,505
2017/5/6,台北一,芒果 金煌,150.2,109.9,53.5,106.7,"1,148"
2017/5/7,台北一,芒果 金煌,150.4,115.9,62,112,575
2017/5/9,台北一,芒果 金煌,157.5,113.5,56.3,110.9,"1,360"
2017/5/10,台北一,芒果 金煌,106.2,74.4,49.6,75.8,"1,161"
2017/5/11,台北一,芒果 金煌,151.2,98,52.9,99.6,375
2017/5/12,台北一,芒果 金煌,114.4,82.3,51,82.4,793
2017/5/13,台北一,芒果 金煌,133.8,87.3,66.2,92.4,"1,348"
2017/5/14,台北一,芒果 金煌,103.4,73.9,49.6,74.9,"1,213"
2017/5/16,台北一,芒果 金煌,108.5,75.3,54.5,77.8,"1,483"
2017/5/17,台北一,芒果 金煌,75.7,59.4,41.1,59,883
2017/5/18,台北一,芒果 金煌,79.3,60,44.6,60.8,"1,275"
2017/5/19,台北一,芒果 金煌,79.7,51.4,41,55,"1,850"
2017/5/20,台北一,芒果 金煌,83.3,61.1,44.9,62.3,"2,062"
2017/5/21,台北一,芒果 金煌,80.6,64.7,46.5,64.3,"1,689"
2017/5/23,台北一,芒果 金煌,98.9,65.7,46.9,68.6,"3,516"
2017/5/24,台北一,芒果 金煌,74.8,51.5,31.5,52.1,"2,769"
2017/5/25,台北一,芒果 金煌,78.5,61.1,40.5,60.5,"3,095"
2017/5/26,台北一,芒果 金煌,79.3,59.3,44.7,60.4,"2,135"
2017/5/27,台北一,芒果 金煌,77.4,56.5,40.4,57.5,"3,739"
2017/5/28,台北一,芒果 金煌,76.5,60,41.7,59.7,"3,362"
2017/5/29,台北一,芒果 金煌,85,60.5,39,61.1,"2,356"
2017/5/30,台北一,芒果 金煌,84.6,55.2,35.1,57.1,"3,058"
2017/6/2,台北一,芒果 金煌,77.2,46.3,22.5,47.7,"6,215"
2017/6/3,台北一,芒果 金煌,70,46.8,31,48.3,"5,026"
2017/6/4,台北一,芒果 金煌,57.4,38.3,26,39.7,"6,116"
2017/6/6,台北一,芒果 金煌,67.6,44.3,26.6,45.4,"5,146"
2017/6/7,台北一,芒果 金煌,66.5,44.3,29.6,45.8,"5,525"
2017/6/8,台北一,芒果 金煌,72,42.9,27.2,45.6,"7,414"
2017/6/9,台北一,芒果 金煌,68,41.6,25.5,43.7,"6,175"
2017/6/10,台北一,芒果 金煌,55,37,22.8,37.8,"6,086"
2017/6/11,台北一,芒果 金煌,45.2,31.6,20.2,32,"5,934"
2017/6/13,台北一,芒果 金煌,48.3,34.2,20.7,34.3,"8,975"
2017/6/14,台北一,芒果 金煌,48.2,36.1,23.9,36.1,"4,934"
2017/6/15,台北一,芒果 金煌,40.7,28.3,13.8,27.9,"9,132"
2017/6/16,台北一,芒果 金煌,35.5,23.7,10.9,23.5,"11,650"
2017/6/17,台北一,芒果 金煌,37,23.4,11.6,23.8,"9,048"
2017/6/18,台北一,芒果 金煌,44.1,24.8,14.6,26.6,"7,567"
2017/6/20,台北一,芒果 金煌,47.7,31.2,17.8,31.8,"5,957"
2017/6/21,台北一,芒果 金煌,51.8,31.9,17.7,33,"8,072"
2017/6/22,台北一,芒果 金煌,52.7,33.8,20.6,34.9,"9,871"
2017/6/23,台北一,芒果 金煌,49,33,18.5,33.3,"11,323"
2017/6/24,台北一,芒果 金煌,47,32.1,19.4,32.5,"12,270"
2017/6/25,台北一,芒果 金煌,38.8,26,12.2,25.8,"10,757"
2017/6/27,台北一,芒果 金煌,37.8,24.7,12.8,24.9,"10,042"
2017/6/28,台北一,芒果 金煌,38.9,25.8,11.8,25.6,"8,780"
2017/6/29,台北一,芒果 金煌,36.4,25.8,15.3,25.8,"9,307"
2017/6/30,台北一,芒果 金煌,39.4,26.4,16.7,27.1,"8,674"
2017/7/1,台北一,芒果 金煌,39.9,26.6,16.5,27.2,"8,555"
2017/7/2,台北一,芒果 金煌,41.6,24.7,12.4,25.6,"7,942"
2017/7/4,台北一,芒果 金煌,42,27.2,19,28.5,"11,059"
2017/7/5,台北一,芒果 金煌,44.8,29.1,17.7,30,"8,230"
2017/7/6,台北一,芒果 金煌,46.1,28.4,18.7,30,"10,852"
2017/7/7,台北一,芒果 金煌,45.8,28.1,17.9,29.6,"11,593"
2017/7/8,台北一,芒果 金煌,53.9,25.9,18.2,29.9,"9,282"
2017/7/9,台北一,芒果 金煌,45.3,24.2,10.3,25.6,"10,329"
2017/7/11,台北一,芒果 金煌,43.2,25.9,17.1,27.6,"9,863"
2017/7/12,台北一,芒果 金煌,39.2,23.4,8.6,23.6,"7,574"
2017/7/13,台北一,芒果 金煌,41,21.9,6.7,22.7,"8,172"
2017/7/14,台北一,芒果 金煌,39.1,26.4,14.2,26.5,"7,205"
2017/7/15,台北一,芒果 金煌,44.4,26.4,13.6,27.4,"8,762"
2017/7/16,台北一,芒果 金煌,40.6,24.1,11.5,24.9,"7,666"
2017/7/18,台北一,芒果 金煌,41.6,25.8,15.5,26.9,"9,663"
2017/7/19,台北一,芒果 金煌,40.7,26,17.4,27.2,"9,533"
2017/7/20,台北一,芒果 金煌,42.6,27,18.5,28.4,"7,696"
2017/7/21,台北一,芒果 金煌,43.6,29.9,18,30.3,"9,624"
2017/7/22,台北一,芒果 金煌,44.5,27.2,15.8,28.4,"13,960"
2017/7/23,台北一,芒果 金煌,42.4,28.9,17.1,29.3,"11,533"
2017/7/25,台北一,芒果 金煌,46.6,27.2,17,29,"6,962"
2017/7/26,台北一,芒果 金煌,45.4,29.1,16,29.7,"5,937"
2017/7/27,台北一,芒果 金煌,38.8,27.9,19,28.3,"9,320"
2017/7/28,台北一,芒果 金煌,48.6,31.4,18.7,32.3,"8,329"
2017/7/29,台北一,芒果 金煌,50.3,32.5,18.1,33.2,"10,485"
2017/7/30,台北一,芒果 金煌,49.2,34.3,21.2,34.7,"7,073"
2017/8/1,台北一,芒果 金煌,55.1,40.2,25.2,40.2,"5,619"
2017/8/2,台北一,芒果 金煌,47.9,37.2,24.9,36.9,"7,340"
2017/8/3,台北一,芒果 金煌,53.4,35.4,20.3,36,"4,374"
2017/8/4,台北一,芒果 金煌,48,35.5,22.1,35.3,"7,189"
2017/8/5,台北一,芒果 金煌,49,32.7,22.6,33.9,"8,345"
2017/8/6,台北一,芒果 金煌,49.9,33.3,23.1,34.6,"8,827"
2017/8/8,台北一,芒果 金煌,54.6,35,18.4,35.6,"4,023"
2017/8/9,台北一,芒果 金煌,51.1,34.5,17.2,34.4,"3,951"
2017/8/10,台北一,芒果 金煌,47,31.9,23,33.1,"4,862"
2017/8/11,台北一,芒果 金煌,47.7,32.2,19.7,32.8,"4,532"
2017/8/12,台北一,芒果 金煌,52.1,35.1,18.6,35.2,"5,210"
2017/8/13,台北一,芒果 金煌,55,41,20.7,39.7,"4,692"
2017/8/15,台北一,芒果 金煌,47.7,36.8,22.9,36.2,"6,590"
2017/8/16,台北一,芒果 金煌,48.7,35.5,22,35.4,"3,499"
2017/8/17,台北一,芒果 金煌,46.2,34,21,33.8,"3,831"
2017/8/18,台北一,芒果 金煌,55,38.2,24.3,38.8,"4,007"
2017/8/19,台北一,芒果 金煌,58.1,36.7,20.6,37.7,"4,006"
2017/8/20,台北一,芒果 金煌,56.9,32.8,18,34.6,"5,062"
2017/8/22,台北一,芒果 金煌,60.1,35.8,22,37.9,"3,214"
2017/8/23,台北一,芒果 金煌,61.4,48,25.4,46.2,"1,504"
2017/8/24,台北一,芒果 金煌,59,41.5,27.2,42.1,"1,410"
2017/8/25,台北一,芒果 金煌,56.5,36.5,23.7,37.9,"1,869"
2017/8/26,台北一,芒果 金煌,52.9,36.6,24.9,37.5,"1,586"
2017/8/27,台北一,芒果 金煌,67.1,41.1,26.6,43.4,"2,178"
2017/8/29,台北一,芒果 金煌,52.5,35.1,23.4,36.2,"2,975"
2017/8/30,台北一,芒果 金煌,58.7,39.1,30,41.2,"1,004"
2017/8/31,台北一,芒果 金煌,48.2,33.5,28.1,35.4,"1,224"
2017/9/1,台北一,芒果 金煌,45.9,34.6,28.4,35.6,"2,171"
2017/9/2,台北一,芒果 金煌,63.3,32.7,21.6,36.6,"2,388"
2017/9/3,台北一,芒果 金煌,62.7,36.8,26.3,39.9,"2,752"
2017/9/4,台北一,芒果 金煌,62.5,35.3,24.1,38.5,"1,998"
2017/9/5,台北一,芒果 金煌,61.2,31.7,23.4,35.9,"2,037"
2017/9/8,台北一,芒果 金煌,46.2,33.7,27.9,35,"1,406"
2017/9/9,台北一,芒果 金煌,60,39.8,24,40.6,"1,470"
2017/9/10,台北一,芒果 金煌,53.3,33.1,22.2,35,969
2017/9/12,台北一,芒果 金煌,60.3,46.5,34.6,46.9,"1,445"
2017/9/13,台北一,芒果 金煌,80,48,35,51.8,150
2017/9/14,台北一,芒果 金煌,69.3,50.4,43.7,52.8,450
2017/9/15,台北一,芒果 金煌,48,48,48,48,19
2017/9/16,台北一,芒果 金煌,81,53,45,57,300
2017/9/17,台北一,芒果 金煌,81.6,55.4,33.3,56.2,366
2017/9/19,台北一,芒果 金煌,75,75,75,75,114
2017/9/20,台北一,芒果 金煌,70,66.8,60,66.1,228
2018/1/14,台北一,芒果 金煌,215,191.3,180,193.8,24
2018/1/16,台北一,芒果 金煌,145,95.3,52.5,96.7,60
2018/1/18,台北一,芒果 金煌,150,150,150,150,6
2018/1/20,台北一,芒果 金煌,90,90,90,90,9
2018/1/21,台北一,芒果 金煌,120,120,100,116,30
2018/1/23,台北一,芒果 金煌,75,75,75,75,6
2018/1/27,台北一,芒果 金煌,90,86.1,85,86.7,18
2018/1/28,台北一,芒果 金煌,70,59.7,47.9,59.4,47
2018/1/30,台北一,芒果 金煌,66.1,49.1,42.1,51.1,197
2018/1/31,台北一,芒果 金煌,60,60,60,60,18
2018/2/1,台北一,芒果 金煌,65,61.5,60,61.9,48
2018/2/7,台北一,芒果 金煌,110,73.5,50,76.1,84
2018/2/8,台北一,芒果 金煌,85,81.7,55,77,30
2018/2/9,台北一,芒果 金煌,110,104.1,63.6,97.1,42
2018/2/11,台北一,芒果 金煌,150,142.8,130,141.7,36
2018/2/12,台北一,芒果 金煌,105,105,105,105,18
2018/2/13,台北一,芒果 金煌,125.7,110,94.3,110,84
2018/2/14,台北一,芒果 金煌,90,89.3,81.4,87.9,42
2018/2/15,台北一,芒果 金煌,72.3,58.6,41.2,57.9,65
2018/2/21,台北一,芒果 金煌,60,60,60,60,6
2018/2/22,台北一,芒果 金煌,65,63.3,45,60,40
2018/2/27,台北一,芒果 金煌,30,30,30,30,6
2018/2/28,台北一,芒果 金煌,55,49.8,30,46.9,54
2018/3/1,台北一,芒果 金煌,67.3,52.1,40,52.7,66
2018/3/2,台北一,芒果 金煌,45,44.2,40,43.5,17
2018/3/10,台北一,芒果 金煌,75,65.4,60,66.3,24
2018/3/16,台北一,芒果 金煌,140,102.4,81.4,105.7,42
2018/3/17,台北一,芒果 金煌,85,72.3,46.4,69.6,84
2018/3/18,台北一,芒果 金煌,113.4,81.5,50.6,81.7,80
2018/3/21,台北一,芒果 金煌,115,115,115,115,7
2018/3/22,台北一,芒果 金煌,90,73.6,56.6,73.5,89
2018/3/24,台北一,芒果 金煌,110,94.4,90,96.7,18
2018/3/25,台北一,芒果 金煌,90,76.4,51.7,74.2,72
2018/3/27,台北一,芒果 金煌,115,107.8,95,106.7,36
2018/3/28,台北一,芒果 金煌,130.6,109.8,78.9,107.8,54
2018/3/29,台北一,芒果 金煌,100,90.4,82.9,90.8,72
2018/3/30,台北一,芒果 金煌,112.1,81,50.3,81.1,198
2018/3/31,台北一,芒果 金煌,75,51.2,36.9,53.1,179
2018/4/1,台北一,芒果 金煌,84.8,56.3,29.8,56.7,162
2018/4/3,台北一,芒果 金煌,119.3,77.3,47.3,79.7,233
2018/4/4,台北一,芒果 金煌,101.5,79,59.4,79.6,311
2018/4/7,台北一,芒果 金煌,105.4,87.4,61.5,85.8,336
2018/4/8,台北一,芒果 金煌,70,69.4,62.7,68.2,66
2018/4/10,台北一,芒果 金煌,80.9,69.3,54.4,68.7,161
2018/4/11,台北一,芒果 金煌,100,95,90,95,12
2018/4/12,台北一,芒果 金煌,121.4,95.1,80.3,97.4,192
2018/4/13,台北一,芒果 金煌,92.9,78.9,64.7,78.9,332
2018/4/14,台北一,芒果 金煌,95.7,69.2,40.6,68.8,527
2018/4/15,台北一,芒果 金煌,92.8,62,42.7,64.3,664
2018/4/17,台北一,芒果 金煌,92.5,69.1,44.7,68.9,475
2018/4/18,台北一,芒果 金煌,127.5,63.7,40,71.7,636
2018/4/19,台北一,芒果 金煌,109.1,70.5,22.9,68.7,441
2018/4/20,台北一,芒果 金煌,121.3,79,38.6,79.4,284
2018/4/21,台北一,芒果 金煌,116.4,71.3,30.4,72.1,607
2018/4/22,台北一,芒果 金煌,114.5,79.4,46.8,79.9,553
2018/4/24,台北一,芒果 金煌,92.2,68.8,40.7,67.8,906
2018/4/25,台北一,芒果 金煌,117,79.2,46.4,80.2,278
2018/4/26,台北一,芒果 金煌,100.3,80.1,51.1,78.3,"1,022"
2018/4/27,台北一,芒果 金煌,99.7,70.5,53.1,72.9,471
2018/4/28,台北一,芒果 金煌,106.7,73.4,52.4,75.8,"1,601"
2018/4/29,台北一,芒果 金煌,89.7,66.9,47,67.5,"1,574"
2018/5/1,台北一,芒果 金煌,118.5,79.4,56.2,82.6,834
2018/5/2,台北一,芒果 金煌,105.7,71.3,58.7,75.7,732
2018/5/3,台北一,芒果 金煌,104,65.4,48.5,69.7,968
2018/5/4,台北一,芒果 金煌,128.7,70.2,43.8,76.6,722
2018/5/5,台北一,芒果 金煌,117.9,72.2,40.2,74.9,"1,470"
2018/5/6,台北一,芒果 金煌,108.2,71.1,35,71.3,"2,547"
2018/5/8,台北一,芒果 金煌,93.2,46.8,31.1,52.9,"3,713"
2018/5/9,台北一,芒果 金煌,68.9,42.6,30,45.3,"3,194"
2018/5/10,台北一,芒果 金煌,68,46,28.1,46.8,"2,093"
2018/5/11,台北一,芒果 金煌,80.3,48.3,29.8,51,"1,390"
2018/5/12,台北一,芒果 金煌,73.8,53.6,36.5,54.2,"3,943"
2018/5/13,台北一,芒果 金煌,76.7,46.7,28.8,49.1,"2,866"
2018/5/15,台北一,芒果 金煌,80.3,45.2,28.3,48.9,"4,484"
2018/5/16,台北一,芒果 金煌,67.3,47.5,29.2,47.8,"2,897"
2018/5/17,台北一,芒果 金煌,61.1,39.8,26.8,41.5,"2,736"
2018/5/18,台北一,芒果 金煌,56.1,34.1,18.2,35.3,"3,331"
2018/5/19,台北一,芒果 金煌,50.8,31.6,17.3,32.5,"4,511"
2018/5/20,台北一,芒果 金煌,51.2,31.7,20.4,33.3,"4,610"
2018/5/22,台北一,芒果 金煌,43.2,25.6,14,26.8,"6,808"
2018/5/23,台北一,芒果 金煌,51.8,33.8,18.2,34.3,"3,521"
2018/5/24,台北一,芒果 金煌,45.2,30.4,17.3,30.7,"4,257"
2018/5/25,台北一,芒果 金煌,51.4,31,16.9,32.2,"4,954"
2018/5/26,台北一,芒果 金煌,46.7,31,16.8,31.3,"6,245"
2018/5/27,台北一,芒果 金煌,45.5,32.7,17.5,32.2,"6,311"
2018/5/29,台北一,芒果 金煌,42,31.6,19.1,31.2,"5,943"
2018/5/30,台北一,芒果 金煌,47.6,32.8,18.7,33,"4,246"
2018/5/31,台北一,芒果 金煌,45.4,33.3,18,32.7,"4,888"
2018/6/1,台北一,芒果 金煌,49.6,34.9,17.3,34.3,"3,995"
2018/6/2,台北一,芒果 金煌,44,30.9,15.8,30.5,"5,311"
2018/6/3,台北一,芒果 金煌,53.6,36,19.1,36.2,"5,680"
2018/6/5,台北一,芒果 金煌,51.3,29.6,15.6,31.1,"7,240"
2018/6/6,台北一,芒果 金煌,46.2,26,16.7,28.2,"6,487"
2018/6/7,台北一,芒果 金煌,49.2,33.7,19.5,33.9,"5,472"
2018/6/8,台北一,芒果 金煌,56.1,31.9,17.1,33.8,"6,001"
2018/6/9,台北一,芒果 金煌,50,31.4,17.6,32.3,"7,103"
2018/6/10,台北一,芒果 金煌,45.8,33,20.9,33.2,"7,729"
2018/6/12,台北一,芒果 金煌,66.2,37.4,21.9,40.1,"10,252"
2018/6/13,台北一,芒果 金煌,53.1,36.5,21.2,36.7,"9,163"
2018/6/14,台北一,芒果 金煌,52.6,37.2,22.9,37.5,"8,749"
2018/6/15,台北一,芒果 金煌,45.5,34.1,19.6,33.5,"10,883"
2018/6/16,台北一,芒果 金煌,42.4,30.7,20.5,31,"11,418"
2018/6/17,台北一,芒果 金煌,45,30.1,17.7,30.6,"8,909"
2018/6/18,台北一,芒果 金煌,45.5,31,15.5,30.8,"6,277"
2018/6/21,台北一,芒果 金煌,45.7,29.9,16.5,30.4,"7,794"
2018/6/22,台北一,芒果 金煌,48.7,34.4,15.1,33.4,"5,431"
2018/6/23,台北一,芒果 金煌,55.1,38.8,18,37.9,"4,583"
2018/6/24,台北一,芒果 金煌,51.1,35.7,16.8,35,"6,278"
2018/6/26,台北一,芒果 金煌,44.6,31,16.8,30.9,"12,535"
2018/6/27,台北一,芒果 金煌,48.3,34.5,19.4,34.2,"11,527"
2018/6/28,台北一,芒果 金煌,43.1,27.7,17.7,28.8,"10,918"
2018/6/29,台北一,芒果 金煌,39,26,15.1,26.4,"7,837"
2018/6/30,台北一,芒果 金煌,36.4,24.7,15.1,25.1,"9,813"
2018/7/1,台北一,芒果 金煌,35.7,24.9,15.7,25.2,"9,798"
2018/7/3,台北一,芒果 金煌,38.7,26.3,13.1,26.1,"12,479"
2018/7/4,台北一,芒果 金煌,35.9,26.3,17.3,26.4,"9,142"
2018/7/5,台北一,芒果 金煌,38.6,26.7,16.6,27.1,"7,899"
2018/7/6,台北一,芒果 金煌,34.7,23.2,14.5,23.7,"9,829"
2018/7/7,台北一,芒果 金煌,37.9,23.9,15.4,25,"9,723"
2018/7/8,台北一,芒果 金煌,36.6,23.2,14.8,24.2,"9,760"
2018/7/10,台北一,芒果 金煌,40.8,22.5,13.6,24.4,"10,401"
2018/7/11,台北一,芒果 金煌,39.3,21.6,13.2,23.5,"7,876"
2018/7/12,台北一,芒果 金煌,41.2,25.4,13.5,26.2,"11,429"
2018/7/13,台北一,芒果 金煌,40,27.7,17.1,28.1,"8,602"
2018/7/14,台北一,芒果 金煌,39.4,27.4,18,27.9,"9,905"
2018/7/15,台北一,芒果 金煌,36.8,26.9,17.6,27,"9,945"
2018/7/17,台北一,芒果 金煌,36,25.1,15.9,25.5,"9,484"
2018/7/18,台北一,芒果 金煌,36.1,25.9,18,26.4,"9,822"
2018/7/19,台北一,芒果 金煌,34.9,24.9,15.7,25.1,"11,099"
2018/7/20,台北一,芒果 金煌,34.4,24.4,17.1,24.9,"11,526"
2018/7/21,台北一,芒果 金煌,35.1,25.9,18.2,26.2,"12,305"
2018/7/22,台北一,芒果 金煌,36.9,27.2,16.6,27,"9,798"
2018/7/24,台北一,芒果 金煌,42.7,28.4,18.8,29.3,"9,633"
2018/7/25,台北一,芒果 金煌,46.4,30.5,15,30.6,"7,707"
2018/7/26,台北一,芒果 金煌,48.5,35.5,20.3,35.1,"9,626"
2018/7/27,台北一,芒果 金煌,46.3,34,18.7,33.4,"9,315"
2018/7/28,台北一,芒果 金煌,49.4,33.3,22.3,34.3,"6,811"
2018/7/29,台北一,芒果 金煌,47.7,35.8,24.4,35.9,"5,886"
2018/7/31,台北一,芒果 金煌,50.6,40.5,27.1,39.9,"5,394"
2018/8/1,台北一,芒果 金煌,55.1,36.9,22.8,37.7,"4,029"
2018/8/2,台北一,芒果 金煌,51.4,36.5,23.5,36.9,"5,470"
2018/8/3,台北一,芒果 金煌,46.5,33.1,24,33.9,"4,735"
2018/8/4,台北一,芒果 金煌,47.1,37.7,26,37.2,"4,866"
2018/8/5,台北一,芒果 金煌,54.1,35.2,21.7,36.2,"4,487"
2018/8/7,台北一,芒果 金煌,59.2,42.2,24.7,42.1,"4,931"
2018/8/8,台北一,芒果 金煌,56.1,42.4,29.8,42.6,"3,535"
2018/8/9,台北一,芒果 金煌,60.5,46.7,28.1,45.7,"4,468"
2018/8/10,台北一,芒果 金煌,68,50,26.9,49,"3,163"
2018/8/11,台北一,芒果 金煌,70.8,49.2,27.9,49.3,"3,576"
2018/8/12,台北一,芒果 金煌,72.4,51.9,25,50.6,"2,892"
2018/8/14,台北一,芒果 金煌,65,44.5,23.6,44.4,"3,297"
2018/8/15,台北一,芒果 金煌,61.3,43.9,24.9,43.6,"3,636"
2018/8/16,台北一,芒果 金煌,69.2,51.1,27.1,49.9,"1,686"
2018/8/17,台北一,芒果 金煌,63.9,45.9,26.3,45.5,"2,317"
2018/8/18,台北一,芒果 金煌,75.3,44.9,30.7,48.1,"1,389"
2018/8/19,台北一,芒果 金煌,63.4,40.6,22.8,41.6,"3,116"
2018/8/21,台北一,芒果 金煌,72.4,49.7,19.3,48.1,"2,007"
2018/8/22,台北一,芒果 金煌,91.1,54,18,54.2,684
2018/8/23,台北一,芒果 金煌,83.1,62.4,26.2,59.3,930
2018/8/24,台北一,芒果 金煌,95.4,58.5,19.4,58.1,"1,081"
2018/8/25,台北一,芒果 金煌,81.3,59.3,25.5,56.9,"1,588"
2018/8/28,台北一,芒果 金煌,80.5,52.1,10,49.4,305
2018/8/29,台北一,芒果 金煌,106.8,59.2,45,65.9,374
2018/8/30,台北一,芒果 金煌,80,53.4,40.7,56.2,348
2018/8/31,台北一,芒果 金煌,85,83.8,75,82.3,125
2018/9/1,台北一,芒果 金煌,85,60.5,46.5,62.6,341
2018/9/2,台北一,芒果 金煌,90,90,74.9,87,121
2018/9/4,台北一,芒果 金煌,78.7,57.6,21,54.5,836
2018/9/5,台北一,芒果 金煌,69,52.3,18,48.8,333
2018/9/6,台北一,芒果 金煌,75,59.4,54,61.4,181
2018/9/7,台北一,芒果 金煌,70,57.3,45.2,57.4,294
2018/9/9,台北一,芒果 金煌,62.9,50,48.1,52.2,93
2018/9/11,台北一,芒果 金煌,75,58.3,50,60,21
2018/9/13,台北一,芒果 金煌,59.1,47.9,38,48.2,198
2018/9/14,台北一,芒果 金煌,85,63.5,50,65.1,246
2019/2/2,台北一,芒果 金煌,110,95,80,95,14
2019/2/15,台北一,芒果 金煌,50,50,50,50,36
2019/2/17,台北一,芒果 金煌,85,85,85,85,240
2019/2/18,台北一,芒果 金煌,68.7,62.3,50.1,61.1,282
2019/2/24,台北一,芒果 金煌,70,63.7,40,60.2,126
2019/2/26,台北一,芒果 金煌,79.2,75,70.8,75,108
2019/2/27,台北一,芒果 金煌,75,75,75,75,12
2019/2/28,台北一,芒果 金煌,50,37.8,35,39.7,58
2019/3/1,台北一,芒果 金煌,160,118.9,75,118.3,18
2019/3/2,台北一,芒果 金煌,90,82.6,70,81.5,26
2019/3/5,台北一,芒果 金煌,81.4,61.1,47.5,62.5,562
2019/3/6,台北一,芒果 金煌,83.2,69.8,42.5,67,377
2019/3/7,台北一,芒果 金煌,79.7,67.8,54.8,67.6,258
2019/3/8,台北一,芒果 金煌,75,67.5,60,67.5,12
2019/3/9,台北一,芒果 金煌,70,68.3,65,68,30
2019/3/10,台北一,芒果 金煌,75,65.3,50,64.2,61
2019/3/12,台北一,芒果 金煌,73.7,63.6,46.1,62.1,406
2019/3/13,台北一,芒果 金煌,77.5,61.7,40,60.5,299
2019/3/14,台北一,芒果 金煌,81.9,65.9,42.3,64.4,218
2019/3/15,台北一,芒果 金煌,85,72.5,62.7,73,133
2019/3/16,台北一,芒果 金煌,73.4,59.6,36.5,57.7,696
2019/3/17,台北一,芒果 金煌,80,72.2,55.7,70.5,380
2019/3/19,台北一,芒果 金煌,87.2,69.5,44.5,68,853
2019/3/20,台北一,芒果 金煌,79.4,67.9,48.1,66.2,"1,195"
2019/3/21,台北一,芒果 金煌,93.7,80.4,66.1,80.2,487
2019/3/22,台北一,芒果 金煌,76.2,65.7,49.1,64.5,894
2019/3/23,台北一,芒果 金煌,78.5,61.2,38.5,60.1,923
2019/3/24,台北一,芒果 金煌,81.3,62.8,45.6,63,644
2019/3/26,台北一,芒果 金煌,90.6,69.7,43.2,68.6,978
2019/3/27,台北一,芒果 金煌,101.1,77.1,47.4,76,539
2019/3/28,台北一,芒果 金煌,95.2,74.8,51.6,74.3,611
2019/3/29,台北一,芒果 金煌,91.9,65.3,52.5,68.1,961
2019/3/30,台北一,芒果 金煌,95.9,64.7,40,66,"1,575"
2019/3/31,台北一,芒果 金煌,89.7,71.1,42,69,"2,101"
2019/4/2,台北一,芒果 金煌,86.1,57.5,42.6,60.3,"2,669"
2019/4/3,台北一,芒果 金煌,74,59.8,41.7,59,"2,311"
2019/4/4,台北一,芒果 金煌,75,55.1,40.1,56.1,"2,226"
2019/4/7,台北一,芒果 金煌,90.4,66.9,45.6,67.3,"1,544"
2019/4/9,台北一,芒果 金煌,98.5,65.7,39.5,67,995
2019/4/10,台北一,芒果 金煌,91.8,56.1,38.5,59.7,"1,337"
2019/4/11,台北一,芒果 金煌,76.5,53.8,35.5,54.7,"1,180"
2019/4/12,台北一,芒果 金煌,77.4,60.5,34.1,58.6,"1,316"
2019/4/13,台北一,芒果 金煌,80.3,59.3,42.7,60.2,"2,028"
2019/4/14,台北一,芒果 金煌,81.8,49.2,35.2,52.9,"2,789"
2019/4/16,台北一,芒果 金煌,88.8,54,36.7,57.5,"2,072"
2019/4/17,台北一,芒果 金煌,87.3,58.2,38.1,60,"2,417"
2019/4/18,台北一,芒果 金煌,82.1,58.2,41.7,59.7,"3,578"
2019/4/19,台北一,芒果 金煌,89.3,60,43.7,62.6,"2,893"
2019/4/20,台北一,芒果 金煌,86.6,60.8,41.6,62.1,"2,195"
2019/4/21,台北一,芒果 金煌,80.6,50.4,39.8,54.3,"2,430"
2019/4/23,台北一,芒果 金煌,80.7,48.1,28.1,50.6,"2,317"
2019/4/24,台北一,芒果 金煌,62.9,40.8,30.3,43.1,"2,369"
2019/4/25,台北一,芒果 金煌,82.8,44.1,24.1,47.8,"1,599"
2019/4/26,台北一,芒果 金煌,69.3,46.3,30.7,47.8,"3,315"
2019/4/27,台北一,芒果 金煌,72.1,53.7,33.8,53.4,"2,825"
2019/4/28,台北一,芒果 金煌,74.1,52.7,34.7,53.4,"2,936"
2019/4/30,台北一,芒果 金煌,73.4,55.5,38.4,55.7,"2,418"
2019/5/1,台北一,芒果 金煌,74.1,56.2,27.1,53.9,"2,799"
2019/5/2,台北一,芒果 金煌,76,50,22.7,49.7,"2,798"
2019/5/3,台北一,芒果 金煌,71.5,55.7,31.9,54.1,"3,103"
2019/5/4,台北一,芒果 金煌,75.7,57.2,39,57.3,"3,591"
2019/5/5,台北一,芒果 金煌,81.8,56.1,40.5,58.1,"3,906"
2019/5/7,台北一,芒果 金煌,78.6,51.3,32.6,53,"2,503"
2019/5/8,台北一,芒果 金煌,80.5,48,25.5,50,"3,491"
2019/5/9,台北一,芒果 金煌,69.5,47.5,22.6,46.9,"4,499"
2019/5/10,台北一,芒果 金煌,66,42.9,24.5,43.8,"4,461"
2019/5/11,台北一,芒果 金煌,59.5,42.8,30.9,43.7,"4,380"
2019/5/12,台北一,芒果 金煌,53.4,33.3,20.5,34.8,"4,067"
2019/5/14,台北一,芒果 金煌,61.5,39.3,25.5,41,"4,659"
2019/5/15,台北一,芒果 金煌,57.6,37,22.8,38.3,"5,324"
2019/5/17,台北一,芒果 金煌,61.8,38.7,18.7,39.4,"5,532"
2019/5/18,台北一,芒果 金煌,63.9,48.4,30.8,48,"8,061"
2019/5/19,台北一,芒果 金煌,67,53,26.7,50.5,"5,417"
2019/5/21,台北一,芒果 金煌,81.2,57.9,24.3,55.8,"5,730"
2019/5/22,台北一,芒果 金煌,78.4,60,36.8,59,"6,687"
2019/5/23,台北一,芒果 金煌,75.2,55.1,34.8,55.1,"5,481"
2019/5/24,台北一,芒果 金煌,68.1,50,29.1,49.5,"8,234"
2019/5/25,台北一,芒果 金煌,60.1,41.9,24.5,42,"8,432"
2019/5/26,台北一,芒果 金煌,56.9,34.2,22.8,36.5,"11,148"
2019/5/28,台北一,芒果 金煌,53.6,32,19.3,33.8,"10,145"
2019/5/29,台北一,芒果 金煌,50,34,20,34.4,"7,682"
2019/5/30,台北一,芒果 金煌,55,39.2,23.2,39.1,"7,155"
2019/5/31,台北一,芒果 金煌,52.8,37,24.2,37.6,"11,386"
2019/6/1,台北一,芒果 金煌,59.7,41.3,26.9,42.1,"9,098"
2019/6/2,台北一,芒果 金煌,57.2,40.4,25,40.7,"10,409"
2019/6/4,台北一,芒果 金煌,61.6,40.1,24.8,41.4,"11,594"
2019/6/5,台北一,芒果 金煌,65.5,39.8,26.3,42.2,"10,975"
2019/6/6,台北一,芒果 金煌,64.1,39.3,24.5,41.3,"14,687"
2019/6/7,台北一,芒果 金煌,68.6,45.8,27,46.6,"10,974"
2019/6/8,台北一,芒果 金煌,67.8,46.9,26.7,47,"5,959"
2019/6/11,台北一,芒果 金煌,56.2,32.2,20.6,34.7,"14,070"
2019/6/12,台北一,芒果 金煌,42.8,29.9,17.7,30,"14,170"
2019/6/13,台北一,芒果 金煌,44.9,31.2,16.1,30.9,"12,397"
2019/6/14,台北一,芒果 金煌,47.4,29.7,17.2,30.7,"12,015"
2019/6/15,台北一,芒果 金煌,46.9,31.4,18.4,31.9,"12,583"
2019/6/16,台北一,芒果 金煌,56.2,32.3,20,34.6,"14,715"
2019/6/18,台北一,芒果 金煌,45.6,28.3,18.3,29.7,"16,253"
2019/6/19,台北一,芒果 金煌,43.4,27,18.2,28.5,"14,065"
2019/6/20,台北一,芒果 金煌,38.7,24.1,14.8,25.2,"11,483"
2019/6/21,台北一,芒果 金煌,36.8,24,15.2,24.8,"11,494"
2019/6/22,台北一,芒果 金煌,37.4,24.2,14.8,25,"14,499"
2019/6/23,台北一,芒果 金煌,36,22.6,13,23.3,"12,415"
2019/6/25,台北一,芒果 金煌,35.4,22.1,13.8,23.1,"15,877"
2019/6/26,台北一,芒果 金煌,35.1,22.1,12.9,22.8,"12,066"
2019/6/27,台北一,芒果 金煌,34.8,23.9,14.4,24.2,"10,957"
2019/6/28,台北一,芒果 金煌,37.5,23.1,12.5,23.9,"11,210"
2019/6/29,台北一,芒果 金煌,38,24.6,16.7,25.7,"12,370"
2019/6/30,台北一,芒果 金煌,33.8,24.1,14.9,24.2,"10,815"
2019/7/2,台北一,芒果 金煌,38.1,20.8,11.7,22.4,"15,790"
2019/7/3,台北一,芒果 金煌,36.8,20.7,11.9,22.2,"11,958"
2019/7/4,台北一,芒果 金煌,38.1,26.8,17.6,27.2,"10,567"
2019/7/5,台北一,芒果 金煌,36.2,23.3,14.8,24.2,"7,468"
2019/7/6,台北一,芒果 金煌,37.5,26.4,18.6,27.1,"6,374"
2019/7/7,台北一,芒果 金煌,38.2,25.6,16.7,26.3,"9,827"
2019/7/9,台北一,芒果 金煌,42.2,24.5,16.2,26.4,"9,951"
2019/7/10,台北一,芒果 金煌,39.7,24,16.3,25.6,"7,949"
2019/7/11,台北一,芒果 金煌,36,23.4,15.1,24.3,"8,637"
2019/7/12,台北一,芒果 金煌,35.1,25.3,17,25.6,"7,351"
2019/7/13,台北一,芒果 金煌,41.4,25.3,15.3,26.5,"5,842"
2019/7/14,台北一,芒果 金煌,48.9,30.4,18.2,31.7,"6,505"
2019/7/16,台北一,芒果 金煌,53.3,30.3,16.7,32.1,"14,714"
2019/7/17,台北一,芒果 金煌,48.5,34,21.5,34.4,"11,815"
2019/7/18,台北一,芒果 金煌,47.1,30.1,18.3,31.2,"12,672"
2019/7/19,台北一,芒果 金煌,40,28.7,17.5,28.7,"7,586"
2019/7/20,台北一,芒果 金煌,37.9,28.3,18.3,28.2,"11,528"
2019/7/21,台北一,芒果 金煌,42.1,31.3,21.8,31.5,"10,569"
2019/7/23,台北一,芒果 金煌,43.4,29.2,20.6,30.4,"9,721"
2019/7/24,台北一,芒果 金煌,44.8,26.2,12.3,27.1,"9,338"
2019/7/25,台北一,芒果 金煌,40.8,23.4,13.5,24.9,"9,571"
2019/7/26,台北一,芒果 金煌,43.6,30,20.3,30.8,"10,094"
2019/7/27,台北一,芒果 金煌,42.1,28.6,17.4,29.1,"11,418"
2019/7/28,台北一,芒果 金煌,47.7,30.8,22.6,32.5,"7,914"
2019/7/30,台北一,芒果 金煌,52.8,33.6,21.2,35,"13,205"
2019/7/31,台北一,芒果 金煌,52.9,34.9,20.7,35.6,"9,740"
2019/8/1,台北一,芒果 金煌,50.8,32,21.1,33.6,"10,787"
2019/8/2,台北一,芒果 金煌,44.8,31.4,18.8,31.6,"7,257"
2019/8/3,台北一,芒果 金煌,43.5,31.5,17.9,31.2,"9,442"
2019/8/4,台北一,芒果 金煌,46.8,29,14.5,29.6,"7,653"
2019/8/6,台北一,芒果 金煌,47.1,29.9,18.1,31,"7,875"
2019/8/7,台北一,芒果 金煌,48.4,32.3,20.8,33.2,"5,654"
2019/8/8,台北一,芒果 金煌,47.2,26.9,14.9,28.5,"7,201"
2019/8/9,台北一,芒果 金煌,48.6,28.4,15.9,29.9,"4,308"
2019/8/10,台北一,芒果 金煌,53.9,28.3,15.3,30.8,"6,536"
2019/8/11,台北一,芒果 金煌,61.5,44.4,26.5,44.2,"4,640"
2019/8/13,台北一,芒果 金煌,54.1,36.8,19.5,36.8,"7,044"
2019/8/14,台北一,芒果 金煌,65.3,42.9,25,43.8,"5,141"
2019/8/15,台北一,芒果 金煌,74,41.3,20.8,43.8,"4,734"
2019/8/18,台北一,芒果 金煌,75.5,32.5,13.2,37.2,"1,601"
2019/8/20,台北一,芒果 金煌,60.6,40.4,18.1,40,"1,956"
2019/8/21,台北一,芒果 金煌,56.1,28.6,17.9,32,"3,002"
2019/8/22,台北一,芒果 金煌,55.5,39,23.7,39.3,"1,908"
2019/8/23,台北一,芒果 金煌,54.1,30.5,20.8,33.3,"3,282"
2019/8/24,台北一,芒果 金煌,56.8,36.7,17.7,36.9,"2,053"
2019/8/25,台北一,芒果 金煌,49.9,32.2,16.9,32.7,"2,430"
2019/8/27,台北一,芒果 金煌,69.8,40.7,17.8,42,"2,568"
2019/8/28,台北一,芒果 金煌,59,45.5,25.5,44.2,"1,500"
2019/8/29,台北一,芒果 金煌,70,63.3,52.2,62.4,690
2019/8/30,台北一,芒果 金煌,66.4,37,20.9,39.6,986
2019/8/31,台北一,芒果 金煌,45,45,45,45,156
2019/9/1,台北一,芒果 金煌,50,45.9,33.2,44.2,444
2019/9/3,台北一,芒果 金煌,61.5,38.3,19.4,39.1,474
2019/9/4,台北一,芒果 金煌,60,43.5,30.4,44.2,384
2019/9/5,台北一,芒果 金煌,40,35.7,31.4,35.7,168
2019/9/6,台北一,芒果 金煌,45,26.3,20,28.8,192
2019/9/8,台北一,芒果 金煌,25,22.5,20,22.5,144
2019/9/10,台北一,芒果 金煌,35,33.5,32,33.5,96
2020/1/8,台北一,芒果 金煌,140,137.8,130,136.7,18
2020/1/14,台北一,芒果 金煌,130,124.2,110,122.5,24
2020/1/16,台北一,芒果 金煌,90,90,90,90,6
2020/1/19,台北一,芒果 金煌,80,80,80,80,24
2020/1/21,台北一,芒果 金煌,80,50,40,54,60
2020/1/22,台北一,芒果 金煌,65,65,65,65,18
2020/1/23,台北一,芒果 金煌,60,45.2,20,43.1,64
2020/2/1,台北一,芒果 金煌,80,69.6,65,70.7,41
2020/2/4,台北一,芒果 金煌,79.6,56.3,25,54.7,98
2020/2/5,台北一,芒果 金煌,35,35,35,35,30
2020/2/6,台北一,芒果 金煌,40,40,40,40,46
2020/2/7,台北一,芒果 金煌,61.8,50.1,35,49.4,241
2020/2/8,台北一,芒果 金煌,49.7,38.2,27.1,38.3,207
2020/2/11,台北一,芒果 金煌,60,52.8,31.6,50,977
2020/2/12,台北一,芒果 金煌,52.8,49.7,41,48.6,54
2020/2/14,台北一,芒果 金煌,50,38.7,25,38.2,102
2020/2/15,台北一,芒果 金煌,50,50,50,50,84
2020/2/18,台北一,芒果 金煌,100,67.8,35,67.7,60
2020/2/19,台北一,芒果 金煌,86.2,77,75,78.4,96
2020/2/20,台北一,芒果 金煌,94.9,66.9,51.5,69.4,264
2020/2/21,台北一,芒果 金煌,63.8,51.9,50,53.9,156
2020/2/22,台北一,芒果 金煌,85,80.2,48.7,74.8,465
2020/2/23,台北一,芒果 金煌,55.2,45.9,35,45.6,204
2020/2/25,台北一,芒果 金煌,66.5,43.8,27.4,45.1,230
2020/2/26,台北一,芒果 金煌,79,46,45,52.4,57
2020/2/27,台北一,芒果 金煌,105,103.9,100,103.3,18
2020/2/28,台北一,芒果 金煌,98,81.5,39,76.3,131
2020/2/29,台北一,芒果 金煌,95,90.5,90,91.3,68
2020/3/1,台北一,芒果 金煌,89.7,63.8,55,67.2,32
2020/3/3,台北一,芒果 金煌,80,72,45.8,68.3,424
2020/3/4,台北一,芒果 金煌,80,68.8,55,68.3,244
2020/3/5,台北一,芒果 金煌,76.6,43.9,38,49.3,262
2020/3/6,台北一,芒果 金煌,75.9,60.8,42.7,60.2,790
2020/3/7,台北一,芒果 金煌,81.4,51,40,54.9,516
2020/3/8,台北一,芒果 金煌,93.2,71.7,41.3,69.9,402
2020/3/10,台北一,芒果 金煌,87.4,61.5,35,61.4,372
2020/3/11,台北一,芒果 金煌,81.9,78.3,41.9,71.7,156
2020/3/12,台北一,芒果 金煌,86.5,57.1,45,60.6,156
2020/3/13,台北一,芒果 金煌,84,69.2,53,68.9,223
2020/3/14,台北一,芒果 金煌,85,78.6,44.1,73,236
2020/3/15,台北一,芒果 金煌,90,58.5,40,61.1,246
2020/3/17,台北一,芒果 金煌,90,87,67.6,83.7,217
2020/3/18,台北一,芒果 金煌,89.4,54.2,41.9,58.8,96
2020/3/19,台北一,芒果 金煌,106.2,89.5,57.6,86.4,234
2020/3/20,台北一,芒果 金煌,107.8,100.6,92.2,100.3,54
2020/3/21,台北一,芒果 金煌,107.6,76.9,47.6,77.2,590
2020/3/22,台北一,芒果 金煌,100.8,70.6,50.5,72.6,664
2020/3/24,台北一,芒果 金煌,87.5,71,50.5,70.2,"1,194"
2020/3/25,台北一,芒果 金煌,92.3,65.2,39.8,65.5,220
2020/3/26,台北一,芒果 金煌,74.8,62.4,50.2,62.4,564
2020/3/27,台北一,芒果 金煌,77.8,62.4,51.9,63.4,636
2020/3/28,台北一,芒果 金煌,79.2,62.6,42.9,62,"1,490"
2020/3/29,台北一,芒果 金煌,80,64.8,35.6,62,"1,212"
2020/3/31,台北一,芒果 金煌,64.7,47.3,29.2,47.2,"1,598"
2020/4/1,台北一,芒果 金煌,58.4,49.3,35,48.3,847
2020/4/2,台北一,芒果 金煌,87.7,58.5,37.8,60.2,"1,011"
2020/4/3,台北一,芒果 金煌,87,62.3,43.3,63.5,"1,553"
2020/4/4,台北一,芒果 金煌,80.5,56.6,40,58,960
2020/4/7,台北一,芒果 金煌,91.6,53.7,40,58.5,"1,524"
2020/4/8,台北一,芒果 金煌,96,78.7,59.4,78.3,768
2020/4/9,台北一,芒果 金煌,94.9,65,35.4,65.1,639
2020/4/10,台北一,芒果 金煌,90.1,57.3,41.8,60.8,880
2020/4/11,台北一,芒果 金煌,93.8,62.8,40.9,64.6,"1,491"
2020/4/12,台北一,芒果 金煌,91.1,58.9,38.9,61.3,"1,881"
2020/4/14,台北一,芒果 金煌,87,48.1,31,52.5,"2,669"
2020/4/15,台北一,芒果 金煌,61.3,47.2,31.3,46.9,"1,514"
2020/4/16,台北一,芒果 金煌,76.7,49.2,34.5,51.8,"1,192"
2020/4/17,台北一,芒果 金煌,71.7,49,33.1,50.3,"2,213"
2020/4/18,台北一,芒果 金煌,63.9,47.8,33.5,48.2,"1,677"
2020/4/19,台北一,芒果 金煌,65.5,49.1,31.5,48.9,"1,998"
2020/4/21,台北一,芒果 金煌,71.6,46.9,31.4,48.8,"2,253"
2020/4/22,台北一,芒果 金煌,70.3,51.4,34.2,51.7,"4,183"
2020/4/23,台北一,芒果 金煌,66,50,35.5,50.3,"3,185"
2020/4/24,台北一,芒果 金煌,61.5,48.9,32.9,48.2,"2,128"
2020/4/25,台北一,芒果 金煌,74.8,53,35.7,53.9,"1,548"
2020/4/26,台北一,芒果 金煌,78.8,51.9,37.3,54.4,"1,189"
2020/4/28,台北一,芒果 金煌,65.2,51.4,32.5,50.4,"3,473"
2020/4/29,台北一,芒果 金煌,59,46.3,33.3,46.3,"2,806"
2020/4/30,台北一,芒果 金煌,57.2,44.4,36.1,45.3,"2,217"
2020/5/1,台北一,芒果 金煌,51.9,40.9,31.6,41.2,"3,420"
2020/5/2,台北一,芒果 金煌,57.1,49.8,36.6,48.6,"2,356"
2020/5/3,台北一,芒果 金煌,50.9,40.8,26.1,39.9,"3,761"
2020/5/5,台北一,芒果 金煌,55.4,46,34.4,45.6,"3,125"
2020/5/6,台北一,芒果 金煌,57.8,46.5,33.8,46.2,"4,771"
2020/5/7,台北一,芒果 金煌,53.2,45.6,31.3,44.2,"4,385"
2020/5/8,台北一,芒果 金煌,54.6,41.6,29.9,41.8,"4,367"
2020/5/9,台北一,芒果 金煌,53.9,42,29,41.8,"3,524"
2020/5/10,台北一,芒果 金煌,58.9,40.1,29.9,41.8,"3,983"
2020/5/12,台北一,芒果 金煌,55.8,38.6,27.7,39.8,"4,718"
2020/5/13,台北一,芒果 金煌,49.8,32.1,21,33.4,"4,565"
2020/5/14,台北一,芒果 金煌,41.7,30.2,17.9,30.1,"3,945"
2020/5/15,台北一,芒果 金煌,36.4,27.3,15,26.7,"4,936"
2020/5/16,台北一,芒果 金煌,41.2,31.6,19.3,31,"5,580"
2020/5/17,台北一,芒果 金煌,39.5,29.4,18.5,29.3,"4,798"
2020/5/19,台北一,芒果 金煌,41.4,28.9,16.7,28.9,"6,644"
2020/5/20,台北一,芒果 金煌,39.8,28.7,16.4,28.5,"5,170"
2020/5/21,台北一,芒果 金煌,50.1,37.6,21.5,36.8,"5,700"
2020/5/22,台北一,芒果 金煌,43,28.9,17,29.4,"9,145"
2020/5/23,台北一,芒果 金煌,44.3,32.2,16.2,31.4,"6,099"
2020/5/24,台北一,芒果 金煌,40.8,35.4,25.4,34.5,"4,652"
2020/5/26,台北一,芒果 金煌,49.2,32.2,17.4,32.6,"4,099"
2020/5/27,台北一,芒果 金煌,45.4,25.4,13.5,27,"4,203"
2020/5/28,台北一,芒果 金煌,36.8,21.4,13.2,22.8,"7,847"
2020/5/29,台北一,芒果 金煌,34.7,20,11.4,21.2,"7,014"
2020/5/30,台北一,芒果 金煌,38.6,24.8,15.1,25.6,"6,690"
2020/5/31,台北一,芒果 金煌,35.1,22.1,13.9,23.1,"5,929"
2020/6/2,台北一,芒果 金煌,39.8,23.7,13.7,24.9,"7,310"
2020/6/3,台北一,芒果 金煌,38.9,25.5,14.4,26,"6,917"
2020/6/4,台北一,芒果 金煌,41,28.4,16.4,28.5,"9,271"
2020/6/5,台北一,芒果 金煌,39.2,23.9,14,25,"9,889"
2020/6/6,台北一,芒果 金煌,42.2,31.4,17.2,30.7,"7,714"
2020/6/7,台北一,芒果 金煌,38.3,27,16.8,27.2,"9,411"
2020/6/9,台北一,芒果 金煌,37.1,26.3,18.1,26.8,"7,835"
2020/6/10,台北一,芒果 金煌,37.5,25.7,15.7,26,"6,199"
2020/6/11,台北一,芒果 金煌,37.6,26.1,17.1,26.6,"6,670"
2020/6/12,台北一,芒果 金煌,36.6,24.4,13,24.6,"8,720"
2020/6/13,台北一,芒果 金煌,36.9,25.8,16.1,26.1,"8,997"
2020/6/14,台北一,芒果 金煌,38.6,28.8,15.8,28.2,"7,093"
2020/6/16,台北一,芒果 金煌,36.4,26.8,15.4,26.5,"11,150"
2020/6/17,台北一,芒果 金煌,36.3,25.5,17.2,26,"7,784"
2020/6/18,台北一,芒果 金煌,35.3,25,14.6,24.9,"7,375"
2020/6/19,台北一,芒果 金煌,40.1,25.2,14.6,26.1,"9,641"
2020/6/20,台北一,芒果 金煌,43.4,29.7,18,30.1,"9,783"
2020/6/21,台北一,芒果 金煌,43.3,31.1,17.8,30.9,"7,906"
2020/6/23,台北一,芒果 金煌,45.4,29.3,17.4,30.1,"8,696"
2020/6/24,台北一,芒果 金煌,52.4,35.4,18.6,35.4,"8,742"
2020/6/25,台北一,芒果 金煌,47.9,34.1,18.8,33.8,"9,281"
2020/6/28,台北一,芒果 金煌,45.5,33.8,19.9,33.4,"8,934"
2020/6/30,台北一,芒果 金煌,46.5,30.8,16,31,"9,705"
2020/7/1,台北一,芒果 金煌,42.4,30.6,18.7,30.6,"7,031"
2020/7/2,台北一,芒果 金煌,39.5,31.8,17.2,30.4,"8,021"
2020/7/3,台北一,芒果 金煌,38.5,26.4,16.6,26.8,"11,066"
2020/7/4,台北一,芒果 金煌,39.8,30,18.8,29.7,"11,020"
2020/7/5,台北一,芒果 金煌,40.4,31.2,20.2,30.8,"9,589"
2020/7/7,台北一,芒果 金煌,39.3,27.7,15.7,27.6,"11,132"
2020/7/8,台北一,芒果 金煌,39.4,27.5,17.2,27.8,"8,194"
2020/7/9,台北一,芒果 金煌,38.2,26,14.2,26.1,"9,579"
2020/7/10,台北一,芒果 金煌,32.6,25,16.3,24.8,"9,950"
2020/7/11,台北一,芒果 金煌,32.5,24,13.2,23.5,"9,856"
2020/7/12,台北一,芒果 金煌,34.3,25.2,16.3,25.2,"10,900"
2020/7/14,台北一,芒果 金煌,34.1,24.8,14.4,24.6,"9,062"
2020/7/15,台北一,芒果 金煌,37.4,26,16.7,26.4,"7,105"
2020/7/17,台北一,芒果 金煌,39.5,29.1,17.8,28.9,"9,239"
2020/7/18,台北一,芒果 金煌,37.8,27.9,17.9,27.9,"12,288"
2020/7/19,台北一,芒果 金煌,41.4,29.1,17.8,29.3,"12,765"
2020/7/21,台北一,芒果 金煌,47.3,28.9,18.1,30.4,"11,364"
2020/7/22,台北一,芒果 金煌,39.9,29.2,17.1,28.9,"6,645"
2020/7/23,台北一,芒果 金煌,41.4,30,18.3,29.9,"6,284"
2020/7/24,台北一,芒果 金煌,39.1,27.3,12.3,26.7,"7,852"
2020/7/25,台北一,芒果 金煌,37.2,27.2,16.2,27,"8,768"
2020/7/26,台北一,芒果 金煌,41.9,32.1,16.6,31,"6,335"
2020/7/28,台北一,芒果 金煌,39,25.2,16.2,26.2,"7,816"
2020/7/29,台北一,芒果 金煌,41.5,31.8,20.3,31.4,"5,513"
2020/7/30,台北一,芒果 金煌,37.9,27.7,16.1,27.4,"6,466"
2020/7/31,台北一,芒果 金煌,43,29.3,14.7,29.1,"5,545"
2020/8/1,台北一,芒果 金煌,46.9,32.3,18,32.4,"8,284"
2020/8/2,台北一,芒果 金煌,51.6,37.5,18.2,36.5,"5,271"
2020/8/4,台北一,芒果 金煌,48.9,35,17.7,34.3,"7,009"
2020/8/5,台北一,芒果 金煌,47.9,39.7,22.8,37.9,"3,160"
2020/8/6,台北一,芒果 金煌,55.9,38.6,21,38.5,"3,111"
2020/8/7,台北一,芒果 金煌,59.9,38,24,39.6,"1,862"
2020/8/8,台北一,芒果 金煌,55.3,34.2,18.1,35.2,"4,386"
2020/8/9,台北一,芒果 金煌,57,33.8,12,34.1,"4,445"
2020/8/11,台北一,芒果 金煌,52.9,28.6,13.8,30.5,"7,472"
2020/8/12,台北一,芒果 金煌,58.8,29.9,12.2,32.1,"2,543"
2020/8/14,台北一,芒果 金煌,57,26.2,12.1,29.5,"3,326"
2020/8/15,台北一,芒果 金煌,61.7,30.6,14.3,33.6,"3,171"
2020/8/16,台北一,芒果 金煌,69,47.1,21.8,46.4,"2,420"
2020/8/18,台北一,芒果 金煌,75.2,38.3,16.2,41.2,"3,096"
2020/8/19,台北一,芒果 金煌,78,45.9,17.3,46.6,"1,680"
2020/8/20,台北一,芒果 金煌,74.1,39.3,13.6,41.1,"1,056"
2020/8/21,台北一,芒果 金煌,80.5,45.3,22.1,47.7,845
2020/8/22,台北一,芒果 金煌,77.9,58.6,25,55.8,"1,837"
2020/8/23,台北一,芒果 金煌,54.5,39.7,22.1,39.2,"1,820"
2020/8/25,台北一,芒果 金煌,67.2,49.7,20.9,47.5,"2,286"
2020/8/26,台北一,芒果 金煌,85,52,17.7,51.7,192
2020/8/27,台北一,芒果 金煌,66.2,57.2,52.1,58,312
2020/8/28,台北一,芒果 金煌,80,67.8,65,69.7,174
2020/8/29,台北一,芒果 金煌,100,100,100,100,156
2020/8/30,台北一,芒果 金煌,110,103.3,100,104,120
2020/9/1,台北一,芒果 金煌,90,76.7,34.8,71,518
2020/9/2,台北一,芒果 金煌,75,64,36.2,60.7,577
2020/9/6,台北一,芒果 金煌,73.7,45.5,28.2,47.7,519
2020/9/8,台北一,芒果 金煌,72.3,50.3,48.1,54.2,156
2021/1/9,台北一,芒果 金煌,45,45,40,44,30
2021/1/12,台北一,芒果 金煌,70,55,40,55,24
2021/1/16,台北一,芒果 金煌,32,32,28.1,31.2,54
2021/1/23,台北一,芒果 金煌,35,31.5,28,31.5,12
2021/2/23,台北一,芒果 金煌,80,77.4,70,76.4,42
2021/2/24,台北一,芒果 金煌,45,45,45,45,36
2021/2/25,台北一,芒果 金煌,52,52,52,52,42
2021/3/6,台北一,芒果 金煌,77.4,70.2,68.2,71.3,132
2021/3/9,台北一,芒果 金煌,55,52.5,50,52.5,12
2021/3/11,台北一,芒果 金煌,130,130,130,130,18
2021/3/12,台北一,芒果 金煌,77.6,61.8,44,61.4,174
2021/3/16,台北一,芒果 金煌,45,45,45,45,60
2021/3/17,台北一,芒果 金煌,70,70,70,70,42
2021/3/19,台北一,芒果 金煌,60,60,60,60,24
2021/3/20,台北一,芒果 金煌,100,100,43.2,88.6,74
2021/3/21,台北一,芒果 金煌,60,60,60,60,36
2021/3/24,台北一,芒果 金煌,60,49,40,49.4,102
2021/3/25,台北一,芒果 金煌,62,47,37.5,48.1,303
2021/3/26,台北一,芒果 金煌,94.4,61.3,60,67.6,102
2021/3/27,台北一,芒果 金煌,97.8,67.9,48.3,70,354
2021/3/28,台北一,芒果 金煌,115,107.1,100,107.3,66
2021/3/30,台北一,芒果 金煌,100,97,92,96.6,101
2021/3/31,台北一,芒果 金煌,105,76.4,60,78.8,126
2021/4/1,台北一,芒果 金煌,105,105,87.4,101.5,102
2021/4/2,台北一,芒果 金煌,105,105,47.9,93.6,176
2021/4/3,台北一,芒果 金煌,95,87.3,76.6,86.7,312
2021/4/6,台北一,芒果 金煌,95,81.3,60,79.8,150
2021/4/7,台北一,芒果 金煌,92.7,63,55,67.3,79
2021/4/9,台北一,芒果 金煌,110,98.3,90,99,60
2021/4/10,台北一,芒果 金煌,104.3,101,76.3,96.7,227
2021/4/11,台北一,芒果 金煌,115,107.3,66.9,100.8,404
2021/4/13,台北一,芒果 金煌,103.5,84,44.8,80,433
2021/4/14,台北一,芒果 金煌,106.4,93.4,79.4,93.2,186
2021/4/15,台北一,芒果 金煌,95,85.9,73.5,85.2,138
2021/4/16,台北一,芒果 金煌,92.3,74.2,50.1,73,288
2021/4/17,台北一,芒果 金煌,100,73.5,41.6,72.4,467
2021/4/18,台北一,芒果 金煌,88.7,77.7,56.4,75.6,323
2021/4/20,台北一,芒果 金煌,87.2,68.7,36.6,66,201
2021/4/21,台北一,芒果 金煌,71.9,64.1,55,63.8,78
2021/4/22,台北一,芒果 金煌,91.9,76.3,59.9,76.2,234
2021/4/23,台北一,芒果 金煌,91.3,73.2,48.1,71.8,402
2021/4/24,台北一,芒果 金煌,94.3,72.8,51,72.8,693
2021/4/25,台北一,芒果 金煌,93.5,63.6,45.8,66,694
2021/4/27,台北一,芒果 金煌,103.7,75.1,50,75.8,408
2021/4/28,台北一,芒果 金煌,80,68.3,60,69,120
2021/4/29,台北一,芒果 金煌,70,70,70,70,12
2021/4/30,台北一,芒果 金煌,95.9,67.4,41.5,67.9,679
2021/5/1,台北一,芒果 金煌,106.3,93.3,62.2,89.7,747
2021/5/2,台北一,芒果 金煌,93.2,82.2,55.8,79.1,582
2021/5/4,台北一,芒果 金煌,87.9,71,42.9,68.7,"1,236"
2021/5/5,台北一,芒果 金煌,80.4,66.4,43.5,64.6,941
2021/5/6,台北一,芒果 金煌,86.4,59.4,27.9,58.5,353
2021/5/7,台北一,芒果 金煌,102.7,59.6,39.1,64.1,798
2021/5/8,台北一,芒果 金煌,98.8,70.9,39.8,70.3,"1,295"
2021/5/9,台北一,芒果 金煌,85.3,59.8,39.7,60.9,"1,610"
2021/5/11,台北一,芒果 金煌,82.2,64.3,39.1,62.8,"1,451"
2021/5/12,台北一,芒果 金煌,97.5,65.4,39,66.5,"1,224"
2021/5/13,台北一,芒果 金煌,100.4,56.1,31.1,59.9,"1,444"
2021/5/14,台北一,芒果 金煌,100.6,66.7,32.9,66.7,"1,543"
2021/5/15,台北一,芒果 金煌,85.8,59.3,33.1,59.3,"1,828"
2021/5/16,台北一,芒果 金煌,87.7,60.2,31.6,60,"2,233"
2021/5/18,台北一,芒果 金煌,73.9,45.5,25.8,47.2,"2,679"
2021/5/19,台北一,芒果 金煌,75.6,47.2,20.3,47.5,"2,463"
2021/5/20,台北一,芒果 金煌,72.2,41.3,11.2,41.4,"2,391"
2021/5/21,台北一,芒果 金煌,55.6,32.4,17.4,34,"2,146"
2021/5/22,台北一,芒果 金煌,66.5,36.3,17.7,38.6,"3,260"
2021/5/23,台北一,芒果 金煌,61,35.8,22,38.1,"1,845"
2021/5/25,台北一,芒果 金煌,73.3,40.4,20.2,42.9,"3,317"
2021/5/26,台北一,芒果 金煌,66.5,39.1,22.3,41.2,"3,554"
2021/5/27,台北一,芒果 金煌,60.5,40.2,22.2,40.6,"2,857"
2021/5/28,台北一,芒果 金煌,54.3,36.3,19.6,36.6,"2,870"
2021/5/29,台北一,芒果 金煌,58.7,40.5,22.4,40.5,"3,520"
2021/5/30,台北一,芒果 金煌,52.4,31.4,16.2,32.6,"3,919"
2021/6/1,台北一,芒果 金煌,44,28.8,17,29.5,"4,471"
2021/6/2,台北一,芒果 金煌,51.1,32.4,17.5,33.1,"5,110"
2021/6/4,台北一,芒果 金煌,57.8,35.1,16.7,36,"5,571"
2021/6/5,台北一,芒果 金煌,56.3,26.1,15.2,30,"4,624"
2021/6/6,台北一,芒果 金煌,60,27.4,12.6,31,"5,060"
2021/6/8,台北一,芒果 金煌,52.2,30.9,15.8,32.1,"6,741"
2021/6/9,台北一,芒果 金煌,48.2,31.2,17.7,31.9,"4,703"
2021/6/10,台北一,芒果 金煌,58.9,37.2,16.6,37.4,"3,950"
2021/6/11,台北一,芒果 金煌,49.4,32.5,18.4,33.1,"6,999"
2021/6/12,台北一,芒果 金煌,46.2,25.4,13.7,27.2,"9,372"
2021/6/13,台北一,芒果 金煌,52.4,22.3,12.1,26.3,"6,858"
2021/6/14,台北一,芒果 金煌,43.1,22.3,12.4,24.5,"7,668"
2021/6/17,台北一,芒果 金煌,32.9,19.4,10.6,20.4,"7,972"
2021/6/18,台北一,芒果 金煌,35.6,19.2,9.7,20.6,"7,467"
2021/6/19,台北一,芒果 金煌,35.3,24.3,12.2,24.1,"6,157"
2021/6/20,台北一,芒果 金煌,35.4,22.8,13.7,23.5,"4,934"
2021/6/22,台北一,芒果 金煌,31,17.5,10.7,18.9,"9,425"
2021/6/23,台北一,芒果 金煌,30.7,20,13.2,20.8,"7,438"
2021/6/24,台北一,芒果 金煌,28.5,14.9,9.4,16.5,"8,736"
2021/6/25,台北一,芒果 金煌,32.8,18.5,11.6,19.9,"4,088"
2021/6/26,台北一,芒果 金煌,25.1,16.9,10.6,17.3,"4,293"
2021/6/27,台北一,芒果 金煌,38.3,22.4,10.9,23.3,"4,014"
2021/6/29,台北一,芒果 金煌,29.6,19.2,11,19.6,"5,539"
2021/6/30,台北一,芒果 金煌,35.7,20.7,11.4,21.8,"4,389"
2021/7/1,台北一,芒果 金煌,33.6,18.3,11.1,20,"3,661"
2021/7/2,台北一,芒果 金煌,36.3,23,13.2,23.7,"5,854"
2021/7/3,台北一,芒果 金煌,40.1,26.6,13.3,26.6,"5,186"
2021/7/4,台北一,芒果 金煌,39.9,25.1,14.1,25.9,"6,698"
2021/7/6,台北一,芒果 金煌,39.8,26.1,13.5,26.3,"9,159"
2021/7/7,台北一,芒果 金煌,37,23.1,13.5,24,"8,023"
2021/7/8,台北一,芒果 金煌,34.9,23.7,13,23.8,"9,609"
2021/7/9,台北一,芒果 金煌,34.7,24.5,15.8,24.8,"9,853"
2021/7/10,台北一,芒果 金煌,35.3,26,17.8,26.2,"10,686"
2021/7/11,台北一,芒果 金煌,37,27.1,16.7,27,"8,986"
2021/7/13,台北一,芒果 金煌,37.9,24.6,15.7,25.5,"10,186"
2021/7/14,台北一,芒果 金煌,36.4,25.7,17.6,26.2,"8,597"
2021/7/16,台北一,芒果 金煌,33.4,22.9,14.3,23.3,"13,660"
2021/7/17,台北一,芒果 金煌,34,21.9,14,22.7,"11,806"
2021/7/18,台北一,芒果 金煌,38.9,25,14.4,25.6,"10,744"
2021/7/20,台北一,芒果 金煌,35.8,22.4,13.8,23.3,"11,835"
2021/7/21,台北一,芒果 金煌,34,21.9,14.1,22.8,"8,517"
2021/7/22,台北一,芒果 金煌,33.2,23,14.2,23.2,"9,994"
2021/7/23,台北一,芒果 金煌,37.8,22.4,12.9,23.6,"9,110"
2021/7/24,台北一,芒果 金煌,32.2,19.7,10.6,20.4,"10,170"
2021/7/25,台北一,芒果 金煌,34.8,22.4,13.3,23.1,"7,750"
2021/7/27,台北一,芒果 金煌,36.8,26.1,16.6,26.3,"7,274"
2021/7/28,台北一,芒果 金煌,33.7,25,15.8,24.9,"8,586"
2021/7/29,台北一,芒果 金煌,33,21.2,11.9,21.7,"7,083"
2021/7/30,台北一,芒果 金煌,34,23.2,16.5,24,"6,837"
2021/7/31,台北一,芒果 金煌,36.8,23.9,12.8,24.3,"6,783"
2021/8/1,台北一,芒果 金煌,35.4,25.8,17.8,26.1,"4,401"
2021/8/3,台北一,芒果 金煌,42.6,24.6,16.3,26.6,"5,050"
2021/8/4,台北一,芒果 金煌,35.9,20.7,14.9,22.6,"1,812"
2021/8/5,台北一,芒果 金煌,42,27.6,18.2,28.6,"2,400"
2021/8/6,台北一,芒果 金煌,42.5,26.3,15.9,27.4,"3,742"
2021/8/7,台北一,芒果 金煌,37.7,21.1,14.7,23.1,"3,016"
2021/8/8,台北一,芒果 金煌,41.3,18.5,13.3,22,"2,168"
2021/8/10,台北一,芒果 金煌,55.1,23.3,15,28,"1,782"
2021/8/11,台北一,芒果 金煌,30.6,24.9,19.8,25,"1,248"
2021/8/12,台北一,芒果 金煌,34,22.2,14.5,23,"3,037"
2021/8/13,台北一,芒果 金煌,40.1,22.9,13.9,24.5,"3,847"
2021/8/14,台北一,芒果 金煌,57.7,24.1,12.7,28.6,"4,188"
2021/8/15,台北一,芒果 金煌,43.1,22.2,13.2,24.6,"2,676"
2021/8/17,台北一,芒果 金煌,41.1,26.1,13.3,26.6,"4,907"
2021/8/18,台北一,芒果 金煌,43.7,21.6,11.5,24,"3,531"
2021/8/19,台北一,芒果 金煌,39.6,23.8,13.3,24.8,"4,709"
2021/8/20,台北一,芒果 金煌,38,19.4,12,21.7,"3,052"
2021/8/21,台北一,芒果 金煌,59,32.1,12.8,33.6,"4,115"
2021/8/22,台北一,芒果 金煌,48.6,28.1,16.3,29.8,"2,652"
2021/8/25,台北一,芒果 金煌,43.2,26.6,13.9,27.4,"3,931"
2021/8/26,台北一,芒果 金煌,50.5,30.7,14.1,31.3,"2,094"
2021/8/27,台北一,芒果 金煌,60.6,37.7,23.9,39.5,"2,716"
2021/8/28,台北一,芒果 金煌,56,40.9,24.8,40.7,"3,225"
2021/8/29,台北一,芒果 金煌,49.1,35.2,20.9,35.1,"2,316"
2021/8/31,台北一,芒果 金煌,48.1,26.7,19,29.4,"2,578"
2021/9/1,台北一,芒果 金煌,41.7,29,14.4,28.6,918
2021/9/2,台北一,芒果 金煌,56.3,41.7,20.8,40.4,918
2021/9/3,台北一,芒果 金煌,65,44.6,26.9,45.2,238
2021/9/4,台北一,芒果 金煌,62.8,39.3,20.1,40.1,432
2021/9/5,台北一,芒果 金煌,38.8,27.9,20,28.5,198
2021/9/7,台北一,芒果 金煌,33.6,25,20,25.7,168
2021/9/8,台北一,芒果 金煌,57.6,45.1,29.3,44.5,228
2021/9/9,台北一,芒果 金煌,39.5,27.9,25,29.6,186
2021/9/10,台北一,芒果 金煌,54.2,32.8,19.9,34.6,424
2021/9/11,台北一,芒果 金煌,50,44.1,35,43.5,338
2021/9/12,台北一,芒果 金煌,40,40,40,40,303
2021/9/14,台北一,芒果 金煌,48.6,45,45,45.7,322
2021/9/15,台北一,芒果 金煌,50,50,50,50,161
2022/2/11,台北一,芒果 金煌,55,55,55,55,6
2022/3/29,台北一,芒果 金煌,150,150,150,150,24
2022/3/30,台北一,芒果 金煌,132,130.2,120,128.5,114
2022/3/31,台北一,芒果 金煌,140,120.8,115,123.5,60
2022/4/1,台北一,芒果 金煌,140,107.8,45.5,101.8,238
2022/4/2,台北一,芒果 金煌,110,98.8,60.2,93.3,283
2022/4/3,台北一,芒果 金煌,110,104.5,90,102.7,144
2022/4/7,台北一,芒果 金煌,55,55,55,55,30
2022/4/8,台北一,芒果 金煌,160,147.5,135,147.5,60
2022/4/9,台北一,芒果 金煌,115,110.6,95,108.3,18
2022/4/10,台北一,芒果 金煌,135,115.3,71.9,110.6,108
2022/4/12,台北一,芒果 金煌,101.5,83,50,80.1,162
2022/4/13,台北一,芒果 金煌,145.7,87.6,57.6,93.2,382
2022/4/14,台北一,芒果 金煌,109.2,72.2,44.4,74,522
2022/4/15,台北一,芒果 金煌,105,71.2,46.9,73.1,271
2022/4/16,台北一,芒果 金煌,132.3,82,41.4,84,248
2022/4/17,台北一,芒果 金煌,100.4,87.9,71.2,87.1,276
2022/4/19,台北一,芒果 金煌,111.7,84.6,47.7,82.6,134
2022/4/20,台北一,芒果 金煌,99.5,81.6,55.6,80,253
2022/4/21,台北一,芒果 金煌,86.2,76,52.8,73.4,253
2022/4/22,台北一,芒果 金煌,91.9,63.8,45.1,65.7,775
2022/4/23,台北一,芒果 金煌,90.6,64.4,46.9,66.1,585
2022/4/24,台北一,芒果 金煌,74.6,66.8,45.4,64.1,132
2022/4/26,台北一,芒果 金煌,85,67.9,45.5,66.8,547
2022/4/27,台北一,芒果 金煌,87.4,67.2,43.4,66.5,566
2022/4/28,台北一,芒果 金煌,93.1,77.9,61.8,77.7,485
2022/4/29,台北一,芒果 金煌,96,71.2,49.7,71.9,896
2022/4/30,台北一,芒果 金煌,74.1,56.7,42.5,57.3,"1,444"
2022/5/1,台北一,芒果 金煌,82.7,54.6,42.2,57.8,726
2022/5/3,台北一,芒果 金煌,86.7,59.4,47.4,62.4,"1,104"
2022/5/4,台北一,芒果 金煌,81,49.9,31.7,52.5,636
2022/5/5,台北一,芒果 金煌,91.2,53,40,58,362
2022/5/6,台北一,芒果 金煌,95.5,61.2,42.2,64.2,708
2022/5/7,台北一,芒果 金煌,81.5,54.4,39.5,56.9,"1,993"
2022/5/8,台北一,芒果 金煌,66.9,51.8,31.8,50.8,"1,500"
2022/5/10,台北一,芒果 金煌,70.3,49.4,34,50.5,"1,783"
2022/5/11,台北一,芒果 金煌,61.5,47.2,33.7,47.4,"1,338"
2022/5/12,台北一,芒果 金煌,78.3,44.6,35.3,49.5,"1,449"
2022/5/13,台北一,芒果 金煌,67.6,45.5,37.8,48.4,"1,798"
2022/5/14,台北一,芒果 金煌,70.7,45.2,33.9,48,"3,152"
2022/5/15,台北一,芒果 金煌,90.4,55.4,32.8,57.9,"1,624"
2022/5/17,台北一,芒果 金煌,78.4,55.2,36.7,56.2,"2,407"
2022/5/18,台北一,芒果 金煌,95.1,53.6,33.4,57.9,"1,455"
2022/5/20,台北一,芒果 金煌,78.2,52.9,39.8,55.4,"2,983"
2022/5/21,台北一,芒果 金煌,66.7,51.9,37.2,51.9,"3,640"
2022/5/22,台北一,芒果 金煌,62.4,42.6,32.8,44.6,"3,955"
2022/5/24,台北一,芒果 金煌,64.7,44.5,31,45.8,"3,711"
2022/5/25,台北一,芒果 金煌,57.6,37.5,26.2,39.3,"3,906"
2022/5/26,台北一,芒果 金煌,52.2,30.7,23.5,33.6,"2,638"
2022/5/27,台北一,芒果 金煌,55,36.7,26,38.2,"3,678"
2022/5/28,台北一,芒果 金煌,55.4,39.4,27.1,40.2,"5,464"
2022/5/29,台北一,芒果 金煌,73.8,48.7,28.7,49.7,"4,024"
2022/5/31,台北一,芒果 金煌,64.1,47.1,30.9,47.3,"4,597"
2022/6/1,台北一,芒果 金煌,66.3,42.5,33.1,45.4,"4,724"
2022/6/2,台北一,芒果 金煌,67.1,45.2,31.6,46.8,"6,858"
2022/6/3,台北一,芒果 金煌,73.1,51.3,31.8,51.8,"4,709"
2022/6/4,台北一,芒果 金煌,69.6,45.4,30.6,47.3,"4,466"
2022/6/7,台北一,芒果 金煌,58,35.4,27.1,38.3,"7,399"
2022/6/8,台北一,芒果 金煌,57.4,33.1,22.8,35.9,"4,925"
2022/6/9,台北一,芒果 金煌,59.4,38.4,25.6,40,"5,230"
2022/6/10,台北一,芒果 金煌,66.7,44.2,32.6,46.4,"6,246"
2022/6/11,台北一,芒果 金煌,67.5,47.9,33.2,48.9,"7,610"
2022/6/12,台北一,芒果 金煌,67.6,49.4,33.2,49.8,"7,385"
2022/6/14,台北一,芒果 金煌,65.9,46.5,35.1,48.1,"6,123"
2022/6/15,台北一,芒果 金煌,65.2,43.7,32.7,45.8,"5,111"
2022/6/16,台北一,芒果 金煌,64.7,44.3,32.2,46,"5,234"
2022/6/17,台北一,芒果 金煌,58.7,41.9,24,41.7,"6,438"
2022/6/18,台北一,芒果 金煌,61.4,43.2,31.1,44.4,"6,841"
2022/6/19,台北一,芒果 金煌,62.5,48.6,33.4,48.4,"6,829"
2022/6/21,台北一,芒果 金煌,61.1,48.6,33.3,48,"7,075"
2022/6/22,台北一,芒果 金煌,60.9,49.6,37.3,49.4,"5,991"
2022/6/23,台北一,芒果 金煌,66.1,47.2,36.2,48.8,"6,090"
2022/6/24,台北一,芒果 金煌,65.3,51,38.7,51.4,"4,890"
2022/6/25,台北一,芒果 金煌,62.8,50.3,38.4,50.4,"7,441"
2022/6/26,台北一,芒果 金煌,67.6,53.6,39.9,53.6,"7,959"
2022/6/28,台北一,芒果 金煌,76.9,60.8,41.9,60.2,"10,029"
2022/6/29,台北一,芒果 金煌,81.6,66.7,45.7,65.5,"7,001"
2022/6/30,台北一,芒果 金煌,82.1,64.3,43.4,63.7,"6,447"
2022/7/1,台北一,芒果 金煌,80.9,64.3,47.1,64.2,"6,150"
2022/7/2,台北一,芒果 金煌,86.4,64,45.9,64.9,"6,770"
2022/7/3,台北一,芒果 金煌,92.6,65.8,42.5,66.5,"5,998"
2022/7/5,台北一,芒果 金煌,91.4,59.6,39.7,62,"6,279"
2022/7/6,台北一,芒果 金煌,96.9,55.8,33,59.5,"6,423"
2022/7/7,台北一,芒果 金煌,90.4,56.2,36.5,59.1,"6,557"
2022/7/8,台北一,芒果 金煌,92.9,62.6,37.7,63.6,"4,975"
2022/7/9,台北一,芒果 金煌,97,63.4,38.7,65.2,"6,021"
2022/7/10,台北一,芒果 金煌,99.9,65.4,41.2,67.5,"5,501"
2022/7/12,台北一,芒果 金煌,94.7,75.6,48.5,74,"8,231"
2022/7/13,台北一,芒果 金煌,85.4,66.6,34.5,63.9,"8,247"
2022/7/14,台北一,芒果 金煌,98.1,77.1,41.1,74.1,"4,703"
2022/7/15,台北一,芒果 金煌,87.9,71.3,45.1,69.4,"4,149"
2022/7/16,台北一,芒果 金煌,91.4,68.6,44.4,68.3,"5,273"
2022/7/17,台北一,芒果 金煌,84.9,61.3,41.8,62.2,"5,115"
2022/7/19,台北一,芒果 金煌,88.2,60.7,33.9,60.9,"4,078"
2022/7/20,台北一,芒果 金煌,89.3,70.8,39.5,68.2,"4,499"
2022/7/22,台北一,芒果 金煌,82.1,60.3,31.9,59,"5,671"
2022/7/23,台北一,芒果 金煌,94.5,69,40.4,68.4,"2,961"
2022/7/24,台北一,芒果 金煌,93.4,69.8,47.8,70.1,"2,744"
2022/7/26,台北一,芒果 金煌,98.3,73.3,39.7,71.6,"3,593"
2022/7/27,台北一,芒果 金煌,104.9,70.7,41.7,71.8,"3,118"
2022/7/28,台北一,芒果 金煌,116.3,86.3,46.1,84.3,"2,834"
2022/7/29,台北一,芒果 金煌,121,89.9,48.2,87.8,"2,856"
2022/7/30,台北一,芒果 金煌,122.9,93.3,48,90.2,"2,203"
2022/7/31,台北一,芒果 金煌,108.9,68.4,40,70.8,"2,421"
2022/8/2,台北一,芒果 金煌,102.9,68.3,39.6,69.5,"2,842"
2022/8/3,台北一,芒果 金煌,99.5,65.5,32.6,65.7,"1,919"
2022/8/4,台北一,芒果 金煌,86.7,65.1,28.1,62,"1,231"
2022/8/5,台北一,芒果 金煌,100,85.8,60.4,83.6,"1,014"
2022/8/6,台北一,芒果 金煌,111.3,88.8,58.3,87.2,690
2022/8/7,台北一,芒果 金煌,113.3,95.8,56.4,91.4,458
2022/8/9,台北一,芒果 金煌,92.5,57.8,40.8,61.4,"1,340"
2022/8/10,台北一,芒果 金煌,128.3,93.3,80,97.6,228
2022/8/11,台北一,芒果 金煌,122.7,69.9,35.7,73.6,776
2022/8/12,台北一,芒果 金煌,50,48,35,45.8,196
2022/8/13,台北一,芒果 金煌,45,45,45,45,120
2022/8/17,台北一,芒果 金煌,25,25,25,25,8
2022/8/18,台北一,芒果 金煌,60,49.4,37.1,49,153
2022/8/20,台北一,芒果 金煌,45,45,45,45,48
2022/8/26,台北一,芒果 金煌,43.1,39.6,35,39.4,48
2022/8/27,台北一,芒果 金煌,60,50,30,48,90
2022/8/28,台北一,芒果 金煌,45,45,45,45,96
2023/1/12,台北一,芒果 金煌,60,60,60,60,6
2023/1/14,台北一,芒果 金煌,40,40,40,40,12
2023/1/19,台北一,芒果 金煌,40,40,40,40,12
2023/1/28,台北一,芒果 金煌,50,50,50,50,24
2023/2/8,台北一,芒果 金煌,65,57.9,47.7,57.3,66
2023/2/9,台北一,芒果 金煌,52,49.2,45,48.9,60
2023/2/11,台北一,芒果 金煌,55,55,55,55,18
2023/2/12,台北一,芒果 金煌,66.7,55.6,47.2,56.1,54
2023/2/14,台北一,芒果 金煌,50,50,50,50,48
2023/2/15,台北一,芒果 金煌,55,52.2,35,49.4,23
2023/2/17,台北一,芒果 金煌,70,70,70,70,6
2023/2/18,台北一,芒果 金煌,72.9,59.3,53.1,60.8,156
2023/2/19,台北一,芒果 金煌,80,77.5,75,77.5,18
2023/2/22,台北一,芒果 金煌,60,60,60,60,42
2023/2/23,台北一,芒果 金煌,50,47.1,40,46.2,24
2023/2/25,台北一,芒果 金煌,65,56.7,50,57,60
2023/3/2,台北一,芒果 金煌,80,68.3,50.6,67.1,48
2023/3/3,台北一,芒果 金煌,65,58.9,50,58.3,18
2023/3/5,台北一,芒果 金煌,70,64.5,60,64.7,17
2023/3/7,台北一,芒果 金煌,67.2,58.5,47.8,58.1,68
2023/3/10,台北一,芒果 金煌,90,85,70,83,30
2023/3/11,台北一,芒果 金煌,102.9,61.1,40,65.3,114
2023/3/12,台北一,芒果 金煌,95,85,50,80,24
2023/3/14,台北一,芒果 金煌,85,77.5,70,77.5,12
2023/3/15,台北一,芒果 金煌,80,61.7,60,65,24
2023/3/17,台北一,芒果 金煌,80,60.6,55,63.3,18
2023/3/18,台北一,芒果 金煌,95,89.4,70,86.7,24
2023/3/19,台北一,芒果 金煌,90,72.6,65,74.5,75
2023/3/21,台北一,芒果 金煌,90,70.7,60,72.4,29
2023/3/22,台北一,芒果 金煌,75,66.2,45,63.8,48
2023/3/24,台北一,芒果 金煌,67.5,48.2,40,50.4,72
2023/3/25,台北一,芒果 金煌,50,50,50,50,8
2023/3/26,台北一,芒果 金煌,100,85,70,85,12
2023/3/28,台北一,芒果 金煌,150,83,45,88.8,69
2023/3/29,台北一,芒果 金煌,100,100,69.8,94,58
2023/3/30,台北一,芒果 金煌,110,106.7,90,104,60
2023/3/31,台北一,芒果 金煌,102.1,68.1,45,70.3,213
2023/4/1,台北一,芒果 金煌,110.6,84.2,49.3,82.5,349
2023/4/2,台北一,芒果 金煌,91.9,79.4,53.1,76.6,542
2023/4/3,台北一,芒果 金煌,99.6,68.9,50,71.3,184
2023/4/4,台北一,芒果 金煌,97.9,80.1,51.2,77.9,156
2023/4/7,台北一,芒果 金煌,95,93.2,85,91.9,39
2023/4/8,台北一,芒果 金煌,110,83.8,67.3,85.8,39
2023/4/9,台北一,芒果 金煌,100,58.9,35,62.3,111
2023/4/11,台北一,芒果 金煌,109.6,76.4,35.2,74.8,534
2023/4/12,台北一,芒果 金煌,94,79.5,61,78.7,114
2023/4/13,台北一,芒果 金煌,121.2,67.3,42.4,73.1,318
2023/4/14,台北一,芒果 金煌,105,85.3,60,84.2,180
2023/4/15,台北一,芒果 金煌,126.2,83.2,50,85.2,289
2023/4/16,台北一,芒果 金煌,105,89.6,56.8,86.1,162
2023/4/18,台北一,芒果 金煌,108.9,84.1,53.4,82.9,935
2023/4/19,台北一,芒果 金煌,96.2,84.2,68.3,83.4,912
2023/4/20,台北一,芒果 金煌,97.6,75.1,45.5,73.7,"1,180"
2023/4/21,台北一,芒果 金煌,93.7,74.2,51.2,73.5,777
2023/4/22,台北一,芒果 金煌,84.8,79.5,66.5,78,453
2023/4/23,台北一,芒果 金煌,100,90.4,87.3,91.7,378
2023/4/25,台北一,芒果 金煌,105.8,78,52.7,78.5,"1,053"
2023/4/26,台北一,芒果 金煌,88.5,75.9,45.6,72.4,699
2023/4/28,台北一,芒果 金煌,85.7,69.8,47.7,68.6,"1,444"
2023/4/29,台北一,芒果 金煌,80,65.1,52.7,65.6,"1,034"
2023/4/30,台北一,芒果 金煌,95,81.2,55.2,78.7,684
2023/5/2,台北一,芒果 金煌,107.6,90.2,54.7,86.6,825
2023/5/3,台北一,芒果 金煌,95,65,41.7,66.3,"1,402"
2023/5/4,台北一,芒果 金煌,105.2,76.8,45.3,76.2,"1,260"
2023/5/5,台北一,芒果 金煌,95.3,70.8,43.7,70.3,"1,383"
2023/5/6,台北一,芒果 金煌,99.5,69.2,44.4,70.3,790
2023/5/7,台北一,芒果 金煌,89.8,71.7,44.3,69.9,"1,207"
2023/5/9,台北一,芒果 金煌,86.4,72,49.6,70.4,"1,430"
2023/5/10,台北一,芒果 金煌,80.8,67.8,50.3,66.9,"1,473"
2023/5/11,台北一,芒果 金煌,95,62.6,42.9,65.1,"1,447"
2023/5/12,台北一,芒果 金煌,85,71.8,55.6,71.2,"1,630"
2023/5/13,台北一,芒果 金煌,86.8,62.7,42.7,63.5,"2,365"
2023/5/14,台北一,芒果 金煌,76.6,58.6,42.4,58.9,"1,656"
2023/5/16,台北一,芒果 金煌,80.1,54.3,36.8,56,"2,139"
2023/5/17,台北一,芒果 金煌,87.4,57.4,37,59.3,"2,026"
2023/5/18,台北一,芒果 金煌,86.7,58.1,34.6,59.1,"3,169"
2023/5/19,台北一,芒果 金煌,84.5,59.5,37.3,60.1,"3,479"
2023/5/20,台北一,芒果 金煌,72.4,55.1,39.6,55.5,"2,879"
2023/5/21,台北一,芒果 金煌,63.6,46.4,36.3,47.8,"1,322"
2023/5/23,台北一,芒果 金煌,73.9,50.6,35.6,52.2,"4,553"
2023/5/24,台北一,芒果 金煌,61.3,48.8,32.8,48.1,"2,905"
2023/5/26,台北一,芒果 金煌,80.8,41.9,29.9,47.3,"6,280"
2023/5/27,台北一,芒果 金煌,70.4,43.3,27.4,45.5,"4,813"
2023/5/28,台北一,芒果 金煌,70.8,42.8,28.6,45.6,"4,285"
2023/5/30,台北一,芒果 金煌,67.3,39.1,24.2,41.8,"6,678"
2023/5/31,台北一,芒果 金煌,69.2,36.4,20.3,39.8,"6,032"
2023/6/1,台北一,芒果 金煌,88,41.8,24.8,47.7,"5,961"
2023/6/2,台北一,芒果 金煌,51.1,33.5,25.2,35.3,"7,289"
2023/6/3,台北一,芒果 金煌,48.2,31,21.2,32.5,"4,575"
2023/6/4,台北一,芒果 金煌,48.9,28.9,19.8,31.1,"6,377"
2023/6/6,台北一,芒果 金煌,46,29.6,17.5,30.5,"6,799"
2023/6/7,台北一,芒果 金煌,62,37.2,17.7,38.3,"4,764"
2023/6/8,台北一,芒果 金煌,48.1,31.6,20.4,32.6,"7,422"
2023/6/9,台北一,芒果 金煌,42.1,28.8,16.1,28.9,"9,455"
2023/6/10,台北一,芒果 金煌,50.5,31.7,15.8,32.3,"7,420"
2023/6/11,台北一,芒果 金煌,35.7,24.7,16.1,25.2,"9,388"
2023/6/13,台北一,芒果 金煌,41.5,25.1,14.2,26.2,"10,285"
2023/6/14,台北一,芒果 金煌,48.8,26.6,16.4,29,"9,993"
2023/6/15,台北一,芒果 金煌,47.4,25.8,13.6,27.7,"7,545"
2023/6/16,台北一,芒果 金煌,48.6,27.2,12.5,28.6,"8,168"
2023/6/17,台北一,芒果 金煌,46.6,26.7,12.8,27.9,"9,016"
2023/6/18,台北一,芒果 金煌,36.7,27.5,16.3,27.1,"8,790"
2023/6/20,台北一,芒果 金煌,40.5,23.2,12.2,24.4,"13,384"
2023/6/21,台北一,芒果 金煌,39,24.3,13.1,25,"9,434"
2023/6/22,台北一,芒果 金煌,34.6,23.5,12.8,23.6,"8,588"
2023/6/24,台北一,芒果 金煌,43.7,25.5,13.2,26.7,"9,723"
2023/6/25,台北一,芒果 金煌,46.3,20.9,11.5,24.1,"7,302"
2023/6/28,台北一,芒果 金煌,41.5,21.1,9.5,22.9,"8,409"
2023/6/29,台北一,芒果 金煌,50.4,26,13.2,28.3,"8,299"
2023/6/30,台北一,芒果 金煌,50.4,24.2,12.2,27,"9,644"
2023/7/1,台北一,芒果 金煌,48.7,25.7,13.5,27.9,"9,704"
2023/7/2,台北一,芒果 金煌,34.5,22.4,13.7,23.1,"9,415"
2023/7/4,台北一,芒果 金煌,35.2,24.1,15.6,24.6,"12,105"
2023/7/5,台北一,芒果 金煌,35.3,21.4,13,22.5,"12,327"
2023/7/6,台北一,芒果 金煌,38.7,20.4,10.4,22.1,"10,476"
2023/7/7,台北一,芒果 金煌,39.8,20.9,11.9,22.9,"8,482"
2023/7/8,台北一,芒果 金煌,40.4,22,12.9,23.9,"10,030"
2023/7/9,台北一,芒果 金煌,28.2,22.4,15.2,22.1,"8,347"
2023/7/11,台北一,芒果 金煌,37.6,23.8,15,24.8,"10,573"
2023/7/12,台北一,芒果 金煌,38.5,23.9,17.5,25.6,"9,062"
2023/7/13,台北一,芒果 金煌,39,25,17.3,26.2,"10,226"
2023/7/14,台北一,芒果 金煌,37.2,24.8,16,25.5,"11,904"
2023/7/15,台北一,芒果 金煌,39.2,25.2,16.8,26.3,"13,680"
2023/7/16,台北一,芒果 金煌,31.8,25,14.6,24.3,"13,773"
2023/7/18,台北一,芒果 金煌,37.1,26.9,18.2,27.2,"16,208"
2023/7/19,台北一,芒果 金煌,47,29.1,17.3,30.3,"11,612"
2023/7/21,台北一,芒果 金煌,37.8,25.3,15.9,25.9,"15,619"
2023/7/22,台北一,芒果 金煌,40.6,26.3,15.6,27,"12,710"
2023/7/23,台北一,芒果 金煌,33.8,26.1,17.1,25.8,"10,124"
2023/7/25,台北一,芒果 金煌,38.6,25.4,16.4,26.2,"16,912"
2023/7/26,台北一,芒果 金煌,42.2,25.8,14.1,26.8,"12,459"
2023/7/27,台北一,芒果 金煌,37.1,24.6,12.7,24.7,"9,633"
2023/7/28,台北一,芒果 金煌,45.1,30.9,21.5,31.8,"6,781"
2023/7/29,台北一,芒果 金煌,47,32.8,18.7,32.8,"8,611"
2023/7/30,台北一,芒果 金煌,45.4,33.5,21.7,33.5,"7,528"
2023/8/1,台北一,芒果 金煌,49.7,30.5,16,31.4,"10,083"
2023/8/2,台北一,芒果 金煌,49,30.4,20.1,32,"13,230"
2023/8/3,台北一,芒果 金煌,45.2,27,14.1,28,"10,908"
2023/8/4,台北一,芒果 金煌,49,30.4,12.8,30.6,"6,119"
2023/8/5,台北一,芒果 金煌,50.4,31.1,17.6,32.3,"9,272"
2023/8/6,台北一,芒果 金煌,48.3,35.3,14.9,33.8,"4,367"
2023/8/8,台北一,芒果 金煌,56.1,40,18.2,38.9,"6,742"
2023/8/9,台北一,芒果 金煌,60,32.6,13.9,34.3,"5,757"
2023/8/10,台北一,芒果 金煌,60.6,36.7,19.3,38,"5,500"
2023/8/11,台北一,芒果 金煌,60.5,35.2,17.1,36.7,"7,096"
2023/8/12,台北一,芒果 金煌,60.1,44.1,21.2,42.8,"6,851"
2023/8/13,台北一,芒果 金煌,66.7,34,12.8,36.3,"6,437"
2023/8/15,台北一,芒果 金煌,60.8,37,20.9,38.5,"11,772"
2023/8/16,台北一,芒果 金煌,63,41.7,19.6,41.5,"5,584"
2023/8/17,台北一,芒果 金煌,65.2,45.8,15,43.5,"3,282"
2023/8/18,台北一,芒果 金煌,63.5,40.8,15.9,40.3,"2,585"
2023/8/19,台北一,芒果 金煌,62.2,41.7,16.9,40.8,"5,025"
2023/8/20,台北一,芒果 金煌,38.2,30.2,13,28.4,"1,472"
2023/8/22,台北一,芒果 金煌,64,33.9,16,36.3,"4,985"
2023/8/23,台北一,芒果 金煌,63.2,36.1,19.7,38.2,"3,872"
2023/8/24,台北一,芒果 金煌,60,39.9,17.9,39.5,"3,217"
2023/8/25,台北一,芒果 金煌,60,37.5,18.1,38.1,"3,728"
2023/8/26,台北一,芒果 金煌,72.4,47.9,14.9,46.2,"2,905"
2023/8/27,台北一,芒果 金煌,40,32.6,12.9,30.1,"2,610"
2023/8/29,台北一,芒果 金煌,74.2,40.9,13.9,42.2,"4,062"
2023/8/30,台北一,芒果 金煌,73.1,22.9,14.5,31.2,"1,003"
2023/9/2,台北一,芒果 金煌,65,65,65,65,12
2023/9/3,台北一,芒果 金煌,30.4,23.7,12.6,22.8,716
2023/9/5,台北一,芒果 金煌,36.1,30,30,31.2,"1,040"
2023/9/6,台北一,芒果 金煌,45.3,25.1,25,29.1,852
2023/9/8,台北一,芒果 金煌,28,20,20,21.6,150
2023/9/9,台北一,芒果 金煌,22,20.8,20,20.9,108
2023/9/10,台北一,芒果 金煌,21.7,20,18.3,20,540
2023/9/12,台北一,芒果 金煌,17,15.6,15,15.8,96
2023/9/13,台北一,芒果 金煌,40,30.5,20.4,30.4,258
2023/9/14,台北一,芒果 金煌,25,25,25,25,48
2023/9/15,台北一,芒果 金煌,40,21.7,20,25,48
2023/9/19,台北一,芒果 金煌,30,30,30,30,6
2024/3/23,台北一,芒果 金煌,65,65,65,65,7
2024/3/29,台北一,芒果 金煌,100,100,100,100,18
2024/3/30,台北一,芒果 金煌,100,45,25,52,50
2024/3/31,台北一,芒果 金煌,30,30,30,30,22
2024/4/2,台北一,芒果 金煌,79.4,70.9,48.2,68.1,239
2024/4/3,台北一,芒果 金煌,30,30,30,30,12
2024/4/6,台北一,芒果 金煌,99.3,89.4,60.8,85.7,104
2024/4/7,台北一,芒果 金煌,99.3,70.4,55.4,73.1,258
2024/4/9,台北一,芒果 金煌,81.9,61.7,53.6,64.1,322
2024/4/10,台北一,芒果 金煌,100,91.4,66.6,88.2,276
2024/4/11,台北一,芒果 金煌,76.5,61.7,41.3,60.6,324
2024/4/12,台北一,芒果 金煌,94.3,83.4,56.4,80.2,278
2024/4/13,台北一,芒果 金煌,85,71.7,55.6,71.2,398
2024/4/14,台北一,芒果 金煌,100,80,57.3,79.5,168
2024/4/16,台北一,芒果 金煌,87.6,78.9,57.6,76.4,648
2024/4/17,台北一,芒果 金煌,77.9,67.5,52.9,66.7,933
2024/4/18,台北一,芒果 金煌,76.9,67.4,45.9,65,936
2024/4/19,台北一,芒果 金煌,87.1,58.6,39.3,60.4,"1,061"
2024/4/20,台北一,芒果 金煌,92.7,71.6,48.2,71.2,944
2024/4/21,台北一,芒果 金煌,84.5,72.2,44.8,69.2,"1,209"
2024/4/23,台北一,芒果 金煌,85.8,65.8,44.7,65.6,"2,328"
2024/4/24,台北一,芒果 金煌,81.5,70.8,42.4,67.3,621
2024/4/25,台北一,芒果 金煌,99.7,73.7,46.4,73.4,507
2024/4/26,台北一,芒果 金煌,84.8,70.4,51.3,69.4,"1,577"
2024/4/27,台北一,芒果 金煌,75.4,63.7,44.8,62.3,"1,696"
2024/4/28,台北一,芒果 金煌,72.9,58.8,39.8,57.8,983
2024/4/30,台北一,芒果 金煌,91.5,64,35,63.7,"1,616"
2024/5/1,台北一,芒果 金煌,70.8,57.2,39.8,56.5,725
2024/5/2,台北一,芒果 金煌,87.9,53.8,29.5,55.8,"1,032"
2024/5/3,台北一,芒果 金煌,81.2,59.7,37.8,59.6,"2,391"
2024/5/4,台北一,芒果 金煌,82.6,59,38.4,59.6,"2,586"
2024/5/5,台北一,芒果 金煌,72,58.1,35.8,56.4,"2,972"
2024/5/7,台北一,芒果 金煌,66.7,57.6,40.4,56,"5,025"
2024/5/8,台北一,芒果 金煌,64.3,51.7,32.6,50.4,"3,936"
2024/5/9,台北一,芒果 金煌,71.6,48.6,22.4,48,"2,176"
2024/5/10,台北一,芒果 金煌,70,56.2,35.5,54.8,"1,282"
2024/5/11,台北一,芒果 金煌,73.1,48.2,32.1,50,"1,490"
2024/5/12,台北一,芒果 金煌,61.4,47,32.2,46.9,"3,024"
2024/5/14,台北一,芒果 金煌,62.9,49.1,31.3,48.3,"3,108"
2024/5/15,台北一,芒果 金煌,59.6,44.9,26,44,"1,862"
2024/5/16,台北一,芒果 金煌,70.8,52.1,30.2,51.5,"1,680"
2024/5/17,台北一,芒果 金煌,74.4,51.3,33.5,52.3,"2,022"
2024/5/18,台北一,芒果 金煌,73.6,51.9,35.1,52.9,"2,583"
2024/5/19,台北一,芒果 金煌,73.4,53.9,36,54.2,"3,221"
2024/5/21,台北一,芒果 金煌,77.4,53.2,36.1,54.6,"4,509"
2024/5/22,台北一,芒果 金煌,67.2,51.4,31.3,50.6,"3,154"
2024/5/23,台北一,芒果 金煌,62.3,42.3,26.6,43.2,"2,798"
2024/5/24,台北一,芒果 金煌,59.3,47.2,31.4,46.4,"3,041"
2024/5/25,台北一,芒果 金煌,75.3,51.5,31.6,52.3,"2,958"
2024/5/26,台北一,芒果 金煌,67.4,47.8,31.6,48.5,"2,686"
2024/5/28,台北一,芒果 金煌,68.7,49.1,24.4,48.1,"5,207"
2024/5/29,台北一,芒果 金煌,65.7,47.3,31.1,47.8,"4,061"
2024/5/31,台北一,芒果 金煌,78.5,48.9,29.6,51,"5,462"
2024/6/1,台北一,芒果 金煌,81.4,53.1,35.2,55.2,"5,358"
2024/6/2,台北一,芒果 金煌,73.6,52.2,32.2,52.5,"5,917"
2024/6/4,台北一,芒果 金煌,73.4,54.2,36.1,54.4,"7,959"
2024/6/5,台北一,芒果 金煌,71.4,50.7,33.6,51.4,"7,333"
2024/6/6,台北一,芒果 金煌,69.5,50.3,30.3,50.1,"8,240"
2024/6/7,台北一,芒果 金煌,63.6,45.1,27,45.2,"7,764"
2024/6/8,台北一,芒果 金煌,70.5,42.4,22.9,44.1,"8,308"
2024/6/9,台北一,芒果 金煌,63.8,43,27.5,44.1,"8,966"
2024/6/10,台北一,芒果 金煌,59.4,40.3,26.5,41.3,"5,288"
2024/6/13,台北一,芒果 金煌,48,34.9,23.3,35.2,"10,116"
2024/6/14,台北一,芒果 金煌,57.8,40.9,25,41.1,"5,453"
2024/6/15,台北一,芒果 金煌,52.4,41.2,30.7,41.3,"7,632"
2024/6/16,台北一,芒果 金煌,53.2,44.3,27.3,42.7,"6,097"
2024/6/18,台北一,芒果 金煌,53.3,42.2,26.2,41.2,"7,277"
2024/6/19,台北一,芒果 金煌,51.2,39.1,24.1,38.5,"7,357"
2024/6/20,台北一,芒果 金煌,48.7,39.2,26.3,38.5,"7,458"
2024/6/21,台北一,芒果 金煌,51.5,39.9,22.4,38.7,"6,190"
2024/6/22,台北一,芒果 金煌,47.3,38.4,26.7,37.9,"7,494"
2024/6/23,台北一,芒果 金煌,42.3,35.5,25.1,34.8,"5,728"
2024/6/25,台北一,芒果 金煌,48.9,37,25.1,37,"6,225"
2024/6/26,台北一,芒果 金煌,47.6,36,23.8,35.8,"6,481"
2024/6/27,台北一,芒果 金煌,46.3,35.1,19.3,34.2,"5,634"
2024/6/28,台北一,芒果 金煌,46.2,37.4,22.9,36.2,"5,995"
2024/6/29,台北一,芒果 金煌,47.6,39.2,30.2,39.1,"4,995"
2024/6/30,台北一,芒果 金煌,47.3,40.5,30.6,39.9,"4,594"
